Workbook

Sheet GUIDE_UTILISATION
B2: MODÈLE MH3SFCA-λ — Région Béni Mellal-Khénifra
B3: Projet de Fin d'Études (PFE) | Modified Huff 3-Step Floating Catchment Area avec coefficient de préférence sectorielle λ
B5: ARCHITECTURE DU FICHIER — 8 FEUILLES INTERCONNECTÉES
B6: Feuille | C6: Rôle | D6: Formule mathématique | E6: Inputs / Outputs
B7: Param | C7: Paramètres globaux du modèle | D7: β = −dmax² / ln(seuil) | E7: INPUT: dmax, α, seuil OUTPUT: β (calculé)
B8: Demande | C8: Population Pi de chaque commune i | D8: — (données brutes RGPH) | E8: INPUT: code géo., nom commune, population
B9: Offre | C9: Capacité Sj et préférence λj des 35 établissements | D9: Col F : λj × Sj (capacité effective) | E9: INPUT: Sj (lits), λj OUTPUT: λj×Sj auto-calculé
B10: Matrice_OD | C10: Temps de trajet dij (minutes) — matrice 135×35 | D10: — (données QGIS Origine-Destination) | E10: INPUT: dij bruts
B11: 1_Friction | C11: Décroissance gaussienne f(dij;β) | D11: f(dij;β) = exp(−dij²/β) si dij ≤ dmax | E11: OUTPUT: f ∈ [0,1] pour chaque paire (i,j)
B12: 2_Utilité | C12: Utilité brute Uij — Étape 1a | D12: Uij = λj · Sj^α · f(dij;β) | E12: OUTPUT: Uij & Σj Uij par commune
B13: 3_Huff | C13: Poids Huffij & Ratio Rj — Étapes 1b & 2 | D13: Huffij = Uij/ΣUik | Rj = (λj·Sj)/Σ(Huffij·Pi) | E13: OUTPUT: Huffij ∈[0,1], ΣHuff=1, Rj
B14: 4_SPAI | C14: Indice d'accessibilité final — Étape 3 | D14: SPAIi = Σj Huffij · Rj · f(dij;β) | E14: OUTPUT: SPAI, SPAI×1000, Rang
B17: COMMENT UTILISER CE MODÈLE — MODIFICATIONS DYNAMIQUES
B18: 🏥 Ajouter des lits à une clinique | C18: Feuille Offre → modifier Col C (Sj) pour la clinique concernée. → Rj, SPAI et Rang se recalculent automatiquement en cascade.
B19: 🔧 Changer le seuil de distance dmax | C19: Feuille Param → modifier B2 (dmax). → β se recalcule (B5), puis friction, utilité, Huff, Rj et SPAI suivent.
B20: ⚙ Modifier le coefficient λ | C20: Feuille Offre → modifier Col E (λj) pour un établissement. → Uij, Huffij, Rj et SPAI se recalculent. Effectuer une analyse de sensibilité λ ∈ [0,5 ; 0,95].
B21: 🏗 Simuler une nouvelle clinique privée | C21: Matrice_OD → ajouter une colonne avec les dij de la nouvelle clinique. → Offre → ajouter une ligne (Sj, λ=0,9). → Étendre les formules dans 1_Friction, 2_Utilité, 3_Huff, 4_SPAI.
B22: 📊 Lire les résultats | C22: Feuille 4_SPAI → col AM (SPAI), col AN (SPAI×1000), col AO (Rang). Pour la cartographie : exporter la col SPAI×1000 vers QGIS (jointure par Code géo.).
B24: CHAÎNE DE CALCUL COMPLÈTE — MH3SFCA-λ
B25: ① PARAM : β = −dmax² / ln(seuil) [Jörg et al., 2019, p. 29]
B26: ② FRICTION : f(dij;β) = exp(−dij²/β) si dij ≤ dmax, sinon 0 [Subal et al., 2021, p. 6]
B27: ③ UTILITÉ : Uij = λj × Sj^α × f(dij;β) [Extension MH3SFCA-λ — PFE Chapitre 3]
B28: ④ HUFF : Huffij = Uij / Σk Uik (∑j Huffij = 1) [Huff, 1964, p. 35 ; Jörg et al., 2019, p. 32]
B29: ⑤ Rj : Rj = (λj × Sj) / Σi (Huffij × Pi) [Correction λ — PFE Chapitre 3]
B30: ⑥ SPAI : SPAIi = Σj [Huffij × Rj × f(dij;β)] [Subal et al., 2021, p. 7]
B32: Références bibliographiques mobilisées dans ce modèle :
B33: • Huff, D.L. (1964). Defining and Estimating a Trading Area. Journal of Marketing, 28(3), 34–38.
B34: • Jörg, R., Widmer, M., & Weaver, B. (2019). Mesure de l'accessibilité aux soins de santé. Rapport OBSAN. Neuchâtel.
B35: • Luo, W., & Wang, F. (2003). Measures of Spatial Accessibility to Health Care in a GIS Environment. Environment and Planning B, 30(6), 865–884.
B36: • Subal, J., Jörg, R., & Widmer, M. (2021). Spatial Accessibility to Health Services. Swiss Health Observatory (Obsan), Working Paper.
B37: • Wan, N., Zou, B., & Sternberg, T. (2012). A 3-Step Floating Catchment Area Method for Analyzing Spatial Access to Health Services. International Journal of Geographical Information Science, 26(6), 1073–1089.

Sheet Param
A1: Paramètre | B1: Valeur | C1: Description
A2: dmax (min) | B2: 90 | C2: Seuil max temps de trajet
A3: α (alpha) | B3: 1 | C3: Élasticité attractivité
A4: Seuil f(dmax) | B4: 0.01 | C4: f(dmax) → ce seuil
A5: β (beta) | B5: =-(B2^2)/LN(B4) -> 1758.8927 | C5: Calculé: = -(dmax²)/LN(seuil)
A8: FEUILLE PARAM — Paramètres du modèle MH3SFCA-λ
A9: β = − d²max / ln(seuil) → cellule B5 = -(B2^2)/LN(B4)
A10: • dmax (B2) : seuil maximal de temps de trajet en minutes. Toute paire (i,j) avec d_ij > dmax reçoit f(d)=0.
A11: • α (B3) : élasticité de l'attractivité. α=1 → les patients sont attirés proportionnellement à la capacité Sj.
A12: • Seuil f(dmax) (B4) : valeur de la fonction gaussienne à d=dmax. Jörg et al. (2019, p.29) utilisent 0,01.
A13: • β (B5) : paramètre de friction calculé automatiquement via la formule ci-dessus.
A14: Interprétation : plus β est grand, plus la décroissance est lente (patients moins sensibles à la distance).
A15: • λ privé / λ public : coefficients de préférence sectorielle (extension originale — cf. Chapitre 3).
A16: RÈGLE : λ privé + λ public = 1. Valeurs issues des données CESE (2024) sur les flux AMO.
A17: ⚠ Ces valeurs sont en bleu dans la feuille Offre (col E). Modifier là pour une analyse de sensibilité.
A18: Référence des formules | B18: Auteur(s) | C18: Page
A19: Fonction gaussienne f(dij;β) | B19: Subal et al. (2021) | C19: p. 6
A20: Paramètre β = -dmax²/ln(seuil) | B20: Jörg et al. (2019) | C20: p. 29
A21: Coefficient α (élasticité) | B21: Huff (1964) | C21: p. 35
A22: Coefficient λ (préférence sectorielle) | B22: Extension originale — Chapitre 3 | C22: —

Sheet Demande
A1: Code géo. | B1: Commune | C1: Population
A2: 05.091.01.01. | B2: Commune de Béni Mellal | C2: 209594
A3: 05.091.01.07. | B3: Commune de Kasba Tadla | C3: 48172
A4: 05.091.01.13. | B4: Commune de Zaouiat Cheikh | C4: 25088
A5: 05.091.01.03. | B5: Commune d'El Ksiba | C5: 19964
A6: 05.091.03.03. | B6: Commune d'Ouled Gnaou | C6: 13366
A7: 05.091.03.05. | B7: Commune d'Ouled M'barek | C7: 21636
A8: 05.091.03.01. | B8: Commune de Foum Oudi | C8: 16256
A9: 05.091.03.07. | B9: Commune d'Ouled Yaich | C9: 25785
A10: 05.091.03.09. | B10: Commune de Sidi Jaber | C10: 20455
A11: 05.091.03.11. | B11: Commune de Foum El Anceur | C11: 24232
A12: 05.091.07.11. | B12: Commune de Naour | C12: 5389
A13: 05.091.07.07. | B13: Commune de Dir El Ksiba | C13: 25851
... A136: 05.311.07.13. | B136: Commune d'Oulad Aissa | C136: 4652

Sheet Offre
A1: j | B1: Nom_etablissement | C1: Sj (lits) | D1: type_etab | E1: Lambda | F1: λ×Sj
A2: 1 | B2: DAR ESSALAM - Fkih Ben Saleh | C2: 16 | D2: clinique privée | E2: 0.9 | F2: =E2*C2 -> 14.4
A3: 2 | B3: NOUR - Beni Mellal | C3: 10 | D3: clinique privée | E3: 0.9 | F3: =E3*C3 -> 9
A4: 3 | B4: HÃ´pital PrivÃ© Al-Farabi - Beni Mellal | C4: 111 | D4: clinique privée | E4: 0.9 | F4: =E4*C4 -> 99.9
A5: 4 | B5: BEN ASSOU - Beni Mellal | C5: 20 | D5: clinique privée | E5: 0.9 | F5: =E5*C5 -> 18
A6: 5 | B6: JABRANE - Beni Mellal | C6: 57 | D6: clinique privée | E6: 0.9 | F6: =E6*C6 -> 51.3
A7: 6 | B7: BOUHOU - Beni Mellal | C7: 13 | D7: clinique privée | E7: 0.9 | F7: =E7*C7 -> 11.7
A8: 7 | B8: BENI MELLAL - Beni Mellal | C8: 30 | D8: clinique privée | E8: 0.9 | F8: =E8*C8 -> 27
A9: 8 | B9: MALAK - Beni Mellal | C9: 24 | D9: clinique privée | E9: 0.9 | F9: =E9*C9 -> 21.6
A10: 9 | B10: ERRAZI - Beni Mellal | C10: 15 | D10: clinique privée | E10: 0.9 | F10: =E10*C10 -> 13.5
A11: 10 | B11: AL CHIFA - Beni Mellal | C11: 15 | D11: clinique privée | E11: 0.9 | F11: =E11*C11 -> 13.5
A12: 11 | B12: Clinique International Beni Mellal - Beni Mellal | C12: 80 | D12: clinique privée | E12: 0.9 | F12: =E12*C12 -> 72
A13: 12 | B13: AL ADDARISSA - Beni Mellal | C13: 11 | D13: clinique privée | E13: 0.9 | F13: =E13*C13 -> 9.9
... A39: 38 | B39: CLINIQUE PRIVÉE - Demnate (Simulation) | C39: 40 | D39: clinique privée | E39: 0.9 | F39: =E39*C39 -> 36
A40: • Col C (Sj — BLEU) : nombre de lits agréés. MODIFIABLE → toutes les feuilles suivantes se recalculent.
A41: FEUILLE OFFRE — Données de l'offre de soins (35 établissements)
A42: Colonne F : λj × Sj → formule : =E{j}*C{j} (capacité effective perçue)
A43: • Col C (Sj — BLEU) : nombre de lits agréés. MODIFIABLE → toutes les feuilles suivantes se recalculent.
A44: • Col E (λj — BLEU) : coefficient de préférence sectorielle. λ=0,9 pour cliniques privées ; λ=0,1 pour hôpitaux publics.
A45: • Col F = λj × Sj : capacité effective utilisée au NUMÉRATEUR de Rj (étape 2). C'est la CORRECTION de l'erreur initiale.
A46: Justification : Rj = (λj×Sj) / Σ(Huffij×Pi) assure la cohérence — l'offre et la demande sont toutes deux pondérées par λ.
A47: Référence : Extension MH3SFCA-λ développée dans ce PFE ; cf. Chapitre 3, section 3.x.
A48: • ⚠ L'ordre des lignes ici correspond EXACTEMENT à l'ordre des colonnes de la Matrice_OD.
A49: Ne pas réordonner les lignes de cette feuille sans reporter le même changement dans Matrice_OD.

Sheet Matrice_OD
A1: Code géo. | B1: Commune | C1: DAR ESSALAM - Fkih Ben Saleh | D1: NOUR - Beni Mellal | E1: HÃ´pital PrivÃ© Al-Farabi - Beni Mellal | F1: BEN ASSOU - Beni Mellal | G1: JABRANE - Beni Mellal | H1: BOUHOU - Beni Mellal | I1: BENI MELLAL - Beni Mellal | J1: MALAK - Beni Mellal | K1: ERRAZI - Beni Mellal | L1: AL CHIFA - Beni Mellal | M1: Clinique International Beni Mellal - Beni Mellal | N1: AL ADDARISSA - Beni Mellal | O1: ATLAS - Beni Mellal | P1: ASSALAM - Beni Mellal | Q1: HÃ´pital PrivÃ© de Beni Mellal (Akdital) - Beni Mellal | R1: AMAL - Beni Mellal | S1: IBN SINA - Beni Mellal | T1: LES OLIVIERS YASMINE - Fkih Ben Saleh | U1: Le Lac - Khouribga | V1: Clinique multidisciplinaire-OCP - Khouribga | W1: MARJANE - Khouribga | X1: CHIFA - Khouribga | Y1: DAKHLA - Khouribga | Z1: MOULAY YOUSSEF - Khouribga | AA1: Akdital - Khouribga | AB1: Al Ikhwa - Khouribga | AC1: M. D'ACCOUCHEMENT - Khenifra | AD1: EL AMAL - Khenifra | AE1: ACHIFFA (KARRAOUA) - Khenifra | AF1: LE CEDRE - Khenifra | AG1: Hôpital Provincial d'Azilal | AH1: Hôpital Régional de Béni Mellal | AI1: Hôpital Provincial de Fkih Ben Saleh | AJ1: Hôpital Hassan II (CHP) | AK1: Hôpital Provincial de Khénifra | AL1: CLINIQUE PRIVÉE - Khénifra (Simulation) | AM1: CLINIQUE PRIVÉE - Souk Sebt (Simulation) | AN1: CLINIQUE PRIVÉE - Demnate (Simulation)
A2: 05.091.01.01. | B2: Commune de Béni Mellal | C2: 35.97 | D2: 5.1 | E2: 4.81 | F2: 3.64 | G2: 3.15 | H2: 3.6 | I2: 2.4 | J2: 3.11 | K2: 1.59 | L2: 1.76 | M2: 4.04 | N2: 4.02 | O2: 1.79 | P2: 2.3 | Q2: 2.09 | R2: 2.59 | S2: 2.51 | T2: 40.31 | U2: 51.97 | V2: 74.38 | W2: 76.07 | X2: 74.71 | Y2: 74.73 | Z2: 75.02 | AA2: 74.5 | AB2: 73.27 | AC2: 122.1 | AD2: 122.53 | AE2: 123.35 | AF2: 123.45 | AG2: 90.51 | AH2: 3.28 | AI2: 41.23 | AJ2: 75.56 | AK2: 127.92 | AL2: 123.4 | AM2: 37.6 | AN2: 138.1
A3: 05.091.01.07. | B3: Commune de Kasba Tadla | C3: 70.38 | D3: 40.1 | E3: 39.81 | F3: 39.54 | G3: 39.82 | H3: 37.56 | I3: 37.76 | J3: 38.47 | K3: 39.19 | L3: 37.74 | M3: 36.53 | N3: 38.3 | O3: 38.13 | P3: 37.76 | Q3: 37.66 | R3: 37.86 | S3: 38.45 | T3: 43.72 | U3: 43.98 | V3: 69.82 | W3: 68.08 | X3: 66.72 | Y3: 66.73 | Z3: 67.02 | AA3: 66.51 | AB3: 65.28 | AC3: 94.33 | AD3: 94.77 | AE3: 95.59 | AF3: 95.68 | AG3: 125.5 | AH3: 36.91 | AI3: 44.64 | AJ3: 67.56 | AK3: 100.15 | AL3: 95.6 | AM3: 71.3 | AN3: 173.1
A4: 05.091.01.13. | B4: Commune de Zaouiat Cheikh | C4: 94.92 | D4: 64.05 | E4: 63.77 | F4: 63.49 | G4: 63.78 | H4: 61.52 | I4: 61.72 | J4: 62.43 | K4: 63.15 | L4: 61.7 | M4: 60.49 | N4: 62.25 | O4: 62.09 | P4: 61.72 | Q4: 61.62 | R4: 61.81 | S4: 62.4 | T4: 71.86 | U4: 72.12 | V4: 97.96 | W4: 96.23 | X4: 94.86 | Y4: 94.88 | Z4: 95.17 | AA4: 94.65 | AB4: 93.43 | AC4: 58.94 | AD4: 59.37 | AE4: 60.19 | AF4: 60.28 | AG4: 149.46 | AH4: 60.87 | AI4: 72.79 | AJ4: 95.71 | AK4: 64.75 | AL4: 60.2 | AM4: 96.6 | AN4: 197.1
A5: 05.091.01.03. | B5: Commune d'El Ksiba | C5: 89.69 | D5: 58.82 | E5: 58.53 | F5: 58.26 | G5: 58.54 | H5: 56.28 | I5: 56.49 | J5: 57.19 | K5: 57.91 | L5: 56.46 | M5: 55.25 | N5: 57.02 | O5: 56.85 | P5: 56.48 | Q5: 56.38 | R5: 56.58 | S5: 57.17 | T5: 67.64 | U5: 67.9 | V5: 93.74 | W5: 92 | X5: 90.64 | Y5: 90.65 | Z5: 90.94 | AA5: 90.43 | AB5: 89.2 | AC5: 79.45 | AD5: 79.88 | AE5: 80.7 | AF5: 80.79 | AG5: 144.22 | AH5: 55.64 | AI5: 68.56 | AJ5: 91.48 | AK5: 85.26 | AL5: 80.7 | AM5: 91.3 | AN5: 191.8
A6: 05.091.03.03. | B6: Commune d'Ouled Gnaou | C6: 27.67 | D6: 21.84 | E6: 23.24 | F6: 22.97 | G6: 23.88 | H6: 20.99 | I6: 22.86 | J6: 23.39 | K6: 23.58 | L6: 22.83 | M6: 21.74 | N6: 22.94 | O6: 23.22 | P6: 23.31 | Q6: 23.65 | R6: 23.78 | S6: 24.06 | T6: 41.27 | U6: 69.26 | V6: 75.34 | W6: 77.5 | X6: 77.61 | Y6: 77.63 | Z6: 77.92 | AA6: 79.37 | AB6: 80.1 | AC6: 139.39 | AD6: 139.83 | AE6: 140.64 | AF6: 140.74 | AG6: 89.36 | AH6: 24.84 | AI6: 40.88 | AJ6: 78.46 | AK6: 145.21 | AL6: 140.7 | AM6: 28.6 | AN6: 134
A7: 05.091.03.05. | B7: Commune d'Ouled M'barek | C7: 22.8 | D7: 14.52 | E7: 16.08 | F7: 16.19 | G7: 16.72 | H7: 17.37 | I7: 17.5 | J7: 17.81 | K7: 18 | L7: 18.08 | M7: 18.11 | N7: 18.4 | O7: 18.46 | P7: 18.56 | Q7: 18.89 | R7: 19.02 | S7: 19.3 | T7: 44.14 | U7: 66.78 | V7: 78.22 | W7: 80.38 | X7: 80.49 | Y7: 80.51 | Z7: 80.8 | AA7: 82.25 | AB7: 82.97 | AC7: 136.91 | AD7: 137.34 | AE7: 138.16 | AF7: 138.26 | AG7: 77.34 | AH7: 20.08 | AI7: 45.07 | AJ7: 81.34 | AK7: 142.72 | AL7: 138.2 | AM7: 24.4 | AN7: 124.9
A8: 05.091.03.01. | B8: Commune de Foum Oudi | C8: 32.58 | D8: 13.32 | E8: 14.88 | F8: 14.99 | G8: 15.52 | H8: 16.17 | I8: 16.3 | J8: 16.61 | K8: 16.8 | L8: 16.88 | M8: 16.91 | N8: 17.2 | O8: 17.27 | P8: 17.36 | Q8: 17.7 | R8: 17.82 | S8: 18.11 | T8: 45.8 | U8: 65.58 | V8: 79.88 | W8: 82.04 | X8: 82.15 | Y8: 82.16 | Z8: 82.45 | AA8: 83.91 | AB8: 84.63 | AC8: 135.71 | AD8: 136.15 | AE8: 136.96 | AF8: 137.06 | AG8: 86.35 | AH8: 18.88 | AI8: 46.73 | AJ8: 82.99 | AK8: 141.53 | AL8: 137 | AM8: 34.2 | AN8: 134.7
A9: 05.091.03.07. | B9: Commune d'Ouled Yaich | C9: 51.13 | D9: 20.26 | E9: 19.97 | F9: 19.7 | G9: 19.98 | H9: 17.72 | I9: 17.93 | J9: 18.63 | K9: 19.35 | L9: 17.9 | M9: 16.69 | N9: 18.46 | O9: 18.29 | P9: 17.92 | Q9: 17.82 | R9: 18.02 | S9: 18.61 | T9: 46.35 | U9: 44.33 | V9: 70.17 | W9: 68.43 | X9: 67.07 | Y9: 67.08 | Z9: 67.37 | AA9: 66.86 | AB9: 65.63 | AC9: 107.46 | AD9: 107.9 | AE9: 108.72 | AF9: 108.81 | AG9: 105.66 | AH9: 17.08 | AI9: 47.27 | AJ9: 67.91 | AK9: 113.28 | AL9: 108.8 | AM9: 52.8 | AN9: 153.3
A10: 05.091.03.09. | B10: Commune de Sidi Jaber | C10: 38.17 | D10: 12.27 | E10: 13.66 | F10: 13.39 | G10: 14.3 | H10: 11.42 | I10: 13.28 | J10: 13.81 | K10: 14 | L10: 13.26 | M10: 12.16 | N10: 13.36 | O10: 13.64 | P10: 13.74 | Q10: 14.07 | R10: 14.2 | S10: 14.48 | T10: 30.33 | U10: 59.69 | V10: 64.4 | W10: 66.56 | X10: 66.67 | Y10: 66.69 | Z10: 66.98 | AA10: 68.43 | AB10: 69.16 | AC10: 129.81 | AD10: 130.25 | AE10: 131.07 | AF10: 131.16 | AG10: 92.7 | AH10: 15.26 | AI10: 31.25 | AJ10: 67.52 | AK10: 135.63 | AL10: 131.1 | AM10: 39.8 | AN10: 140.3
A11: 05.091.03.11. | B11: Commune de Foum El Anceur | C11: 63 | D11: 27 | E11: 27 | F11: 26 | G11: 24 | H11: 26 | I11: 23 | J11: 24 | K11: 24 | L11: 22 | M11: 27 | N11: 24 | O11: 23 | P11: 22 | Q11: 21 | R11: 22 | S11: 22 | T11: 66 | U11: 81 | V11: 112 | W11: 115 | X11: 113 | Y11: 114 | Z11: 116 | AA11: 116 | AB11: 117 | AC11: 135 | AD11: 135 | AE11: 137 | AF11: 138 | AG11: 122 | AH11: 21 | AI11: 66 | AJ11: 115 | AK11: 150 | AL11: 140 | AM11: 62 | AN11: 165
A12: 05.091.07.11. | B12: Commune de Naour | C12: 137.12 | D12: 106.25 | E12: 105.96 | F12: 105.69 | G12: 105.97 | H12: 103.71 | I12: 103.91 | J12: 104.62 | K12: 105.34 | L12: 103.89 | M12: 102.68 | N12: 104.45 | O12: 104.28 | P12: 103.91 | Q12: 103.81 | R12: 104.01 | S12: 104.6 | T12: 114.06 | U12: 114.31 | V12: 140.15 | W12: 138.42 | X12: 137.05 | Y12: 137.07 | Z12: 137.36 | AA12: 136.84 | AB12: 135.62 | AC12: 124.55 | AD12: 124.99 | AE12: 125.8 | AF12: 125.9 | AG12: 159.02 | AH12: 103.06 | AI12: 114.98 | AJ12: 137.9 | AK12: 130.37 | AL12: 125.9 | AM12: 138.8 | AN12: 236.7
A13: 05.091.07.07. | B13: Commune de Dir El Ksiba | C13: 89.47 | D13: 58.6 | E13: 58.31 | F13: 58.04 | G13: 58.33 | H13: 56.07 | I13: 56.27 | J13: 56.98 | K13: 57.69 | L13: 56.25 | M13: 55.04 | N13: 56.8 | O13: 56.64 | P13: 56.27 | Q13: 56.16 | R13: 56.36 | S13: 56.95 | T13: 69.08 | U13: 69.34 | V13: 95.18 | W13: 93.44 | X13: 92.08 | Y13: 92.1 | Z13: 92.39 | AA13: 91.87 | AB13: 90.65 | AC13: 80.89 | AD13: 81.33 | AE13: 82.14 | AF13: 82.24 | AG13: 144.01 | AH13: 55.42 | AI13: 70.01 | AJ13: 92.93 | AK13: 86.71 | AL13: 82.2 | AM13: 91.1 | AN13: 191.6
... A136: 05.311.07.13. | B136: Commune d'Oulad Aissa | C136: 119.36 | D136: 99.41 | E136: 99.12 | F136: 98.85 | G136: 99.13 | H136: 96.87 | I136: 97.08 | J136: 97.78 | K136: 98.5 | L136: 97.05 | M136: 95.84 | N136: 97.61 | O136: 97.44 | P136: 97.07 | Q136: 96.97 | R136: 97.17 | S136: 97.76 | T136: 91.13 | U136: 50.84 | V136: 82.18 | W136: 80.9 | X136: 79.54 | Y136: 79.56 | Z136: 79.85 | AA136: 79.33 | AB136: 78.1 | AC136: 136.09 | AD136: 135.71 | AE136: 135.73 | AF136: 136.42 | AG136: 184.81 | AH136: 96.23 | AI136: 93.01 | AJ136: 80.39 | AK136: 140.13 | AL136: 136.2 | AM136: 120.3 | AN136: 225.6
A137: FEUILLE MATRICE_OD — Temps de trajet dij (minutes) entre 135 communes et 35 établissements
A138: Source : Matrice Origine-Destination calculée sous QGIS via l'algorithme OD Matrix (réseau routier réel)
A139: • dij = temps de trajet (minutes) entre la commune i et l'établissement j. Valeurs issues de QGIS.
A140: • Ces données sont des INPUTS bruts — aucune formule, seulement des valeurs mesurées.
A141: • Elles sont référencées dans 1_Friction par : Matrice_OD!{col}{ligne} ≤ Param!$B$2 (test dmax).
A142: • Si vous mettez à jour les temps de trajet (nouveau réseau, nouvelle clinique), copiez ici → tout se recalcule.
A143: • Colonnes : 35 établissements dans le MÊME ordre que la feuille Offre. Lignes : 135 communes.

Sheet 1_Friction
A1: Code géo. | B1: Commune | C1: DAR ESSALAM - Fkih Ben Saleh | D1: NOUR - Beni Mellal | E1: HÃ´pital PrivÃ© Al-Farabi - Beni Mellal | F1: BEN ASSOU - Beni Mellal | G1: JABRANE - Beni Mellal | H1: BOUHOU - Beni Mellal | I1: BENI MELLAL - Beni Mellal | J1: MALAK - Beni Mellal | K1: ERRAZI - Beni Mellal | L1: AL CHIFA - Beni Mellal | M1: Clinique International Beni Mellal - Beni Mellal | N1: AL ADDARISSA - Beni Mellal | O1: ATLAS - Beni Mellal | P1: ASSALAM - Beni Mellal | Q1: HÃ´pital PrivÃ© de Beni Mellal (Akdital) - Beni Mellal | R1: AMAL - Beni Mellal | S1: IBN SINA - Beni Mellal | T1: LES OLIVIERS YASMINE - Fkih Ben Saleh | U1: Le Lac - Khouribga | V1: Clinique multidisciplinaire-OCP - Khouribga | W1: MARJANE - Khouribga | X1: CHIFA - Khouribga | Y1: DAKHLA - Khouribga | Z1: MOULAY YOUSSEF - Khouribga | AA1: Akdital - Khouribga | AB1: Al Ikhwa - Khouribga | AC1: M. D'ACCOUCHEMENT - Khenifra | AD1: EL AMAL - Khenifra | AE1: ACHIFFA (KARRAOUA) - Khenifra | AF1: LE CEDRE - Khenifra | AG1: Hôpital Provincial d'Azilal | AH1: Hôpital Régional de Béni Mellal | AI1: Hôpital Provincial de Fkih Ben Saleh | AJ1: Hôpital Hassan II (CHP) | AK1: Hôpital Provincial de Khénifra | AL1: CLINIQUE PRIVÉE - Khénifra (Simulation) | AM1: CLINIQUE PRIVÉE - Souk Sebt (Simulation) | AN1: CLINIQUE PRIVÉE - Demnate (Simulation)
A2: 05.091.01.01. | B2: Commune de Béni Mellal | C2: =IF(Matrice_OD!C2<=Param!$B$2,EXP(-(Matrice_OD!C2^2)/Param!$B$5),0) -> 0.47921799 | D2: =IF(Matrice_OD!D2<=Param!$B$2,EXP(-(Matrice_OD!D2^2)/Param!$B$5),0) -> 0.98532109 | E2: =IF(Matrice_OD!E2<=Param!$B$2,EXP(-(Matrice_OD!E2^2)/Param!$B$5),0) -> 0.98693235 | F2: =IF(Matrice_OD!F2<=Param!$B$2,EXP(-(Matrice_OD!F2^2)/Param!$B$5),0) -> 0.99249538 | G2: =IF(Matrice_OD!G2<=Param!$B$2,EXP(-(Matrice_OD!G2^2)/Param!$B$5),0) -> 0.99437455 | H2: =IF(Matrice_OD!H2<=Param!$B$2,EXP(-(Matrice_OD!H2^2)/Param!$B$5),0) -> 0.99265881 | I2: =IF(Matrice_OD!I2<=Param!$B$2,EXP(-(Matrice_OD!I2^2)/Param!$B$5),0) -> 0.99673057 | J2: =IF(Matrice_OD!J2<=Param!$B$2,EXP(-(Matrice_OD!J2^2)/Param!$B$5),0) -> 0.99451612 | ... AN2: =IF(Matrice_OD!AN2<=Param!$B$2,EXP(-(Matrice_OD!AN2^2)/Param!$B$5),0) -> 0
A3: 05.091.01.07. | B3: Commune de Kasba Tadla | C3: =IF(Matrice_OD!C3<=Param!$B$2,EXP(-(Matrice_OD!C3^2)/Param!$B$5),0) -> 0.059834546 | D3: =IF(Matrice_OD!D3<=Param!$B$2,EXP(-(Matrice_OD!D3^2)/Param!$B$5),0) -> 0.40083025 | E3: =IF(Matrice_OD!E3<=Param!$B$2,EXP(-(Matrice_OD!E3^2)/Param!$B$5),0) -> 0.40614625 | F3: =IF(Matrice_OD!F3<=Param!$B$2,EXP(-(Matrice_OD!F3^2)/Param!$B$5),0) -> 0.41112363 | G3: =IF(Matrice_OD!G3<=Param!$B$2,EXP(-(Matrice_OD!G3^2)/Param!$B$5),0) -> 0.40596241 | H3: =IF(Matrice_OD!H3<=Param!$B$2,EXP(-(Matrice_OD!H3^2)/Param!$B$5),0) -> 0.44840018 | I3: =IF(Matrice_OD!I3<=Param!$B$2,EXP(-(Matrice_OD!I3^2)/Param!$B$5),0) -> 0.44457626 | J3: =IF(Matrice_OD!J3<=Param!$B$2,EXP(-(Matrice_OD!J3^2)/Param!$B$5),0) -> 0.43110444 | ... AN3: =IF(Matrice_OD!AN3<=Param!$B$2,EXP(-(Matrice_OD!AN3^2)/Param!$B$5),0) -> 0
A4: 05.091.01.13. | B4: Commune de Zaouiat Cheikh | C4: =IF(Matrice_OD!C4<=Param!$B$2,EXP(-(Matrice_OD!C4^2)/Param!$B$5),0) -> 0 | D4: =IF(Matrice_OD!D4<=Param!$B$2,EXP(-(Matrice_OD!D4^2)/Param!$B$5),0) -> 0.097064654 | E4: =IF(Matrice_OD!E4<=Param!$B$2,EXP(-(Matrice_OD!E4^2)/Param!$B$5),0) -> 0.099059937 | F4: =IF(Matrice_OD!F4<=Param!$B$2,EXP(-(Matrice_OD!F4^2)/Param!$B$5),0) -> 0.10108722 | G4: =IF(Matrice_OD!G4<=Param!$B$2,EXP(-(Matrice_OD!G4^2)/Param!$B$5),0) -> 0.098988128 | H4: =IF(Matrice_OD!H4<=Param!$B$2,EXP(-(Matrice_OD!H4^2)/Param!$B$5),0) -> 0.11627962 | I4: =IF(Matrice_OD!I4<=Param!$B$2,EXP(-(Matrice_OD!I4^2)/Param!$B$5),0) -> 0.11466152 | J4: =IF(Matrice_OD!J4<=Param!$B$2,EXP(-(Matrice_OD!J4^2)/Param!$B$5),0) -> 0.10905689 | ... AN4: =IF(Matrice_OD!AN4<=Param!$B$2,EXP(-(Matrice_OD!AN4^2)/Param!$B$5),0) -> 0
A5: 05.091.01.03. | B5: Commune d'El Ksiba | C5: =IF(Matrice_OD!C5<=Param!$B$2,EXP(-(Matrice_OD!C5^2)/Param!$B$5),0) -> 0.010321767 | D5: =IF(Matrice_OD!D5<=Param!$B$2,EXP(-(Matrice_OD!D5^2)/Param!$B$5),0) -> 0.13987183 | E5: =IF(Matrice_OD!E5<=Param!$B$2,EXP(-(Matrice_OD!E5^2)/Param!$B$5),0) -> 0.14260446 | F5: =IF(Matrice_OD!F5<=Param!$B$2,EXP(-(Matrice_OD!F5^2)/Param!$B$5),0) -> 0.14518412 | G5: =IF(Matrice_OD!G5<=Param!$B$2,EXP(-(Matrice_OD!G5^2)/Param!$B$5),0) -> 0.14250958 | H5: =IF(Matrice_OD!H5<=Param!$B$2,EXP(-(Matrice_OD!H5^2)/Param!$B$5),0) -> 0.1651644 | I5: =IF(Matrice_OD!I5<=Param!$B$2,EXP(-(Matrice_OD!I5^2)/Param!$B$5),0) -> 0.16295553 | J5: =IF(Matrice_OD!J5<=Param!$B$2,EXP(-(Matrice_OD!J5^2)/Param!$B$5),0) -> 0.15574737 | ... AN5: =IF(Matrice_OD!AN5<=Param!$B$2,EXP(-(Matrice_OD!AN5^2)/Param!$B$5),0) -> 0
A6: 05.091.03.03. | B6: Commune d'Ouled Gnaou | C6: =IF(Matrice_OD!C6<=Param!$B$2,EXP(-(Matrice_OD!C6^2)/Param!$B$5),0) -> 0.6470768 | D6: =IF(Matrice_OD!D6<=Param!$B$2,EXP(-(Matrice_OD!D6^2)/Param!$B$5),0) -> 0.7624753 | E6: =IF(Matrice_OD!E6<=Param!$B$2,EXP(-(Matrice_OD!E6^2)/Param!$B$5),0) -> 0.73560144 | F6: =IF(Matrice_OD!F6<=Param!$B$2,EXP(-(Matrice_OD!F6^2)/Param!$B$5),0) -> 0.74083797 | G6: =IF(Matrice_OD!G6<=Param!$B$2,EXP(-(Matrice_OD!G6^2)/Param!$B$5),0) -> 0.72309681 | H6: =IF(Matrice_OD!H6<=Param!$B$2,EXP(-(Matrice_OD!H6^2)/Param!$B$5),0) -> 0.77842144 | I6: =IF(Matrice_OD!I6<=Param!$B$2,EXP(-(Matrice_OD!I6^2)/Param!$B$5),0) -> 0.74296439 | J6: =IF(Matrice_OD!J6<=Param!$B$2,EXP(-(Matrice_OD!J6^2)/Param!$B$5),0) -> 0.73268201 | ... AN6: =IF(Matrice_OD!AN6<=Param!$B$2,EXP(-(Matrice_OD!AN6^2)/Param!$B$5),0) -> 0
A7: 05.091.03.05. | B7: Commune d'Ouled M'barek | C7: =IF(Matrice_OD!C7<=Param!$B$2,EXP(-(Matrice_OD!C7^2)/Param!$B$5),0) -> 0.74412251 | D7: =IF(Matrice_OD!D7<=Param!$B$2,EXP(-(Matrice_OD!D7^2)/Param!$B$5),0) -> 0.88703981 | E7: =IF(Matrice_OD!E7<=Param!$B$2,EXP(-(Matrice_OD!E7^2)/Param!$B$5),0) -> 0.86328947 | F7: =IF(Matrice_OD!F7<=Param!$B$2,EXP(-(Matrice_OD!F7^2)/Param!$B$5),0) -> 0.86154899 | G7: =IF(Matrice_OD!G7<=Param!$B$2,EXP(-(Matrice_OD!G7^2)/Param!$B$5),0) -> 0.85304754 | H7: =IF(Matrice_OD!H7<=Param!$B$2,EXP(-(Matrice_OD!H7^2)/Param!$B$5),0) -> 0.84236827 | I7: =IF(Matrice_OD!I7<=Param!$B$2,EXP(-(Matrice_OD!I7^2)/Param!$B$5),0) -> 0.84020008 | J7: =IF(Matrice_OD!J7<=Param!$B$2,EXP(-(Matrice_OD!J7^2)/Param!$B$5),0) -> 0.8349875 | ... AN7: =IF(Matrice_OD!AN7<=Param!$B$2,EXP(-(Matrice_OD!AN7^2)/Param!$B$5),0) -> 0
A8: 05.091.03.01. | B8: Commune de Foum Oudi | C8: =IF(Matrice_OD!C8<=Param!$B$2,EXP(-(Matrice_OD!C8^2)/Param!$B$5),0) -> 0.54690513 | D8: =IF(Matrice_OD!D8<=Param!$B$2,EXP(-(Matrice_OD!D8^2)/Param!$B$5),0) -> 0.90404906 | E8: =IF(Matrice_OD!E8<=Param!$B$2,EXP(-(Matrice_OD!E8^2)/Param!$B$5),0) -> 0.88171814 | F8: =IF(Matrice_OD!F8<=Param!$B$2,EXP(-(Matrice_OD!F8^2)/Param!$B$5),0) -> 0.88007259 | G8: =IF(Matrice_OD!G8<=Param!$B$2,EXP(-(Matrice_OD!G8^2)/Param!$B$5),0) -> 0.87201876 | H8: =IF(Matrice_OD!H8<=Param!$B$2,EXP(-(Matrice_OD!H8^2)/Param!$B$5),0) -> 0.86186606 | I8: =IF(Matrice_OD!I8<=Param!$B$2,EXP(-(Matrice_OD!I8^2)/Param!$B$5),0) -> 0.85980018 | J8: =IF(Matrice_OD!J8<=Param!$B$2,EXP(-(Matrice_OD!J8^2)/Param!$B$5),0) -> 0.85482752 | ... AN8: =IF(Matrice_OD!AN8<=Param!$B$2,EXP(-(Matrice_OD!AN8^2)/Param!$B$5),0) -> 0
A9: 05.091.03.07. | B9: Commune d'Ouled Yaich | C9: =IF(Matrice_OD!C9<=Param!$B$2,EXP(-(Matrice_OD!C9^2)/Param!$B$5),0) -> 0.22620361 | D9: =IF(Matrice_OD!D9<=Param!$B$2,EXP(-(Matrice_OD!D9^2)/Param!$B$5),0) -> 0.79186286 | E9: =IF(Matrice_OD!E9<=Param!$B$2,EXP(-(Matrice_OD!E9^2)/Param!$B$5),0) -> 0.79713273 | F9: =IF(Matrice_OD!F9<=Param!$B$2,EXP(-(Matrice_OD!F9^2)/Param!$B$5),0) -> 0.80200174 | G9: =IF(Matrice_OD!G9<=Param!$B$2,EXP(-(Matrice_OD!G9^2)/Param!$B$5),0) -> 0.7969517 | H9: =IF(Matrice_OD!H9<=Param!$B$2,EXP(-(Matrice_OD!H9^2)/Param!$B$5),0) -> 0.83650691 | I9: =IF(Matrice_OD!I9<=Param!$B$2,EXP(-(Matrice_OD!I9^2)/Param!$B$5),0) -> 0.83295399 | J9: =IF(Matrice_OD!J9<=Param!$B$2,EXP(-(Matrice_OD!J9^2)/Param!$B$5),0) -> 0.8209222 | ... AN9: =IF(Matrice_OD!AN9<=Param!$B$2,EXP(-(Matrice_OD!AN9^2)/Param!$B$5),0) -> 0
A10: 05.091.03.09. | B10: Commune de Sidi Jaber | C10: =IF(Matrice_OD!C10<=Param!$B$2,EXP(-(Matrice_OD!C10^2)/Param!$B$5),0) -> 0.43677677 | D10: =IF(Matrice_OD!D10<=Param!$B$2,EXP(-(Matrice_OD!D10^2)/Param!$B$5),0) -> 0.91796568 | E10: =IF(Matrice_OD!E10<=Param!$B$2,EXP(-(Matrice_OD!E10^2)/Param!$B$5),0) -> 0.89934642 | F10: =IF(Matrice_OD!F10<=Param!$B$2,EXP(-(Matrice_OD!F10^2)/Param!$B$5),0) -> 0.90308857 | G10: =IF(Matrice_OD!G10<=Param!$B$2,EXP(-(Matrice_OD!G10^2)/Param!$B$5),0) -> 0.89024315 | H10: =IF(Matrice_OD!H10<=Param!$B$2,EXP(-(Matrice_OD!H10^2)/Param!$B$5),0) -> 0.9285353 | I10: =IF(Matrice_OD!I10<=Param!$B$2,EXP(-(Matrice_OD!I10^2)/Param!$B$5),0) -> 0.90459611 | J10: =IF(Matrice_OD!J10<=Param!$B$2,EXP(-(Matrice_OD!J10^2)/Param!$B$5),0) -> 0.89724202 | ... AN10: =IF(Matrice_OD!AN10<=Param!$B$2,EXP(-(Matrice_OD!AN10^2)/Param!$B$5),0) -> 0
A11: 05.091.03.11. | B11: Commune de Foum El Anceur | C11: =IF(Matrice_OD!C11<=Param!$B$2,EXP(-(Matrice_OD!C11^2)/Param!$B$5),0) -> 0.10471285 | D11: =IF(Matrice_OD!D11<=Param!$B$2,EXP(-(Matrice_OD!D11^2)/Param!$B$5),0) -> 0.66069345 | E11: =IF(Matrice_OD!E11<=Param!$B$2,EXP(-(Matrice_OD!E11^2)/Param!$B$5),0) -> 0.66069345 | F11: =IF(Matrice_OD!F11<=Param!$B$2,EXP(-(Matrice_OD!F11^2)/Param!$B$5),0) -> 0.68090484 | G11: =IF(Matrice_OD!G11<=Param!$B$2,EXP(-(Matrice_OD!G11^2)/Param!$B$5),0) -> 0.72073859 | H11: =IF(Matrice_OD!H11<=Param!$B$2,EXP(-(Matrice_OD!H11^2)/Param!$B$5),0) -> 0.68090484 | I11: =IF(Matrice_OD!I11<=Param!$B$2,EXP(-(Matrice_OD!I11^2)/Param!$B$5),0) -> 0.74025733 | J11: =IF(Matrice_OD!J11<=Param!$B$2,EXP(-(Matrice_OD!J11^2)/Param!$B$5),0) -> 0.72073859 | ... AN11: =IF(Matrice_OD!AN11<=Param!$B$2,EXP(-(Matrice_OD!AN11^2)/Param!$B$5),0) -> 0
A12: 05.091.07.11. | B12: Commune de Naour | C12: =IF(Matrice_OD!C12<=Param!$B$2,EXP(-(Matrice_OD!C12^2)/Param!$B$5),0) -> 0 | D12: =IF(Matrice_OD!D12<=Param!$B$2,EXP(-(Matrice_OD!D12^2)/Param!$B$5),0) -> 0 | E12: =IF(Matrice_OD!E12<=Param!$B$2,EXP(-(Matrice_OD!E12^2)/Param!$B$5),0) -> 0 | F12: =IF(Matrice_OD!F12<=Param!$B$2,EXP(-(Matrice_OD!F12^2)/Param!$B$5),0) -> 0 | G12: =IF(Matrice_OD!G12<=Param!$B$2,EXP(-(Matrice_OD!G12^2)/Param!$B$5),0) -> 0 | H12: =IF(Matrice_OD!H12<=Param!$B$2,EXP(-(Matrice_OD!H12^2)/Param!$B$5),0) -> 0 | I12: =IF(Matrice_OD!I12<=Param!$B$2,EXP(-(Matrice_OD!I12^2)/Param!$B$5),0) -> 0 | J12: =IF(Matrice_OD!J12<=Param!$B$2,EXP(-(Matrice_OD!J12^2)/Param!$B$5),0) -> 0 | ... AN12: =IF(Matrice_OD!AN12<=Param!$B$2,EXP(-(Matrice_OD!AN12^2)/Param!$B$5),0) -> 0
A13: 05.091.07.07. | B13: Commune de Dir El Ksiba | C13: =IF(Matrice_OD!C13<=Param!$B$2,EXP(-(Matrice_OD!C13^2)/Param!$B$5),0) -> 0.01055568 | D13: =IF(Matrice_OD!D13<=Param!$B$2,EXP(-(Matrice_OD!D13^2)/Param!$B$5),0) -> 0.14194126 | E13: =IF(Matrice_OD!E13<=Param!$B$2,EXP(-(Matrice_OD!E13^2)/Param!$B$5),0) -> 0.14470381 | F13: =IF(Matrice_OD!F13<=Param!$B$2,EXP(-(Matrice_OD!F13^2)/Param!$B$5),0) -> 0.1473115 | G13: =IF(Matrice_OD!G13<=Param!$B$2,EXP(-(Matrice_OD!G13^2)/Param!$B$5),0) -> 0.14451202 | H13: =IF(Matrice_OD!H13<=Param!$B$2,EXP(-(Matrice_OD!H13^2)/Param!$B$5),0) -> 0.16739481 | I13: =IF(Matrice_OD!I13<=Param!$B$2,EXP(-(Matrice_OD!I13^2)/Param!$B$5),0) -> 0.16527012 | J13: =IF(Matrice_OD!J13<=Param!$B$2,EXP(-(Matrice_OD!J13^2)/Param!$B$5),0) -> 0.15788492 | ... AN13: =IF(Matrice_OD!AN13<=Param!$B$2,EXP(-(Matrice_OD!AN13^2)/Param!$B$5),0) -> 0
... A136: 05.311.07.13. | B136: Commune d'Oulad Aissa | C136: =IF(Matrice_OD!C136<=Param!$B$2,EXP(-(Matrice_OD!C136^2)/Param!$B$5),0) -> 0 | D136: =IF(Matrice_OD!D136<=Param!$B$2,EXP(-(Matrice_OD!D136^2)/Param!$B$5),0) -> 0 | E136: =IF(Matrice_OD!E136<=Param!$B$2,EXP(-(Matrice_OD!E136^2)/Param!$B$5),0) -> 0 | F136: =IF(Matrice_OD!F136<=Param!$B$2,EXP(-(Matrice_OD!F136^2)/Param!$B$5),0) -> 0 | G136: =IF(Matrice_OD!G136<=Param!$B$2,EXP(-(Matrice_OD!G136^2)/Param!$B$5),0) -> 0 | H136: =IF(Matrice_OD!H136<=Param!$B$2,EXP(-(Matrice_OD!H136^2)/Param!$B$5),0) -> 0 | I136: =IF(Matrice_OD!I136<=Param!$B$2,EXP(-(Matrice_OD!I136^2)/Param!$B$5),0) -> 0 | J136: =IF(Matrice_OD!J136<=Param!$B$2,EXP(-(Matrice_OD!J136^2)/Param!$B$5),0) -> 0 | ... AN136: =IF(Matrice_OD!AN136<=Param!$B$2,EXP(-(Matrice_OD!AN136^2)/Param!$B$5),0) -> 0
A137: FEUILLE 1_FRICTION — Étape préliminaire : Fonction de décroissance gaussienne f(dij ; β)
A138: f(dij ; β) = exp(−dij² / β) si dij ≤ dmax , sinon f = 0
A139: • Référence : Subal et al. (2021, p. 6) ; Jörg et al. (2019, p. 29). Fonction gaussienne continue.
A140: • Propriétés clés : f(0) = 1 (accessibilité maximale) ; f(dmax) ≈ 0,01 (quasi-nul au seuil).
A141: • β est calculé automatiquement dans Param!B5 via β = −dmax²/ln(seuil) pour garantir f(dmax)=seuil.
A142: • Interprétation : f(dij) mesure la pénalisation de la distance réelle — plus dij est grand, plus le poids est faible.
A143: • Formule Excel en C2 : =IF(Matrice_OD!C2<=Param!$B$2, EXP(-(Matrice_OD!C2^2)/Param!$B$5), 0)
A144: • ⚠ Contrairement à la 2SFCA binaire, f(d) est CONTINUE : pas de discontinuité à la frontière dmax.
A145: • Cette feuille est référencée par 2_Utilité et 4_SPAI. Ne pas la modifier manuellement.

Sheet 2_Utilité
A1: Code géo. | B1: Commune | C1: DAR ESSALAM - Fkih Ben Saleh | D1: NOUR - Beni Mellal | E1: HÃ´pital PrivÃ© Al-Farabi - Beni Mellal | F1: BEN ASSOU - Beni Mellal | G1: JABRANE - Beni Mellal | H1: BOUHOU - Beni Mellal | I1: BENI MELLAL - Beni Mellal | J1: MALAK - Beni Mellal | K1: ERRAZI - Beni Mellal | L1: AL CHIFA - Beni Mellal | M1: Clinique International Beni Mellal - Beni Mellal | N1: AL ADDARISSA - Beni Mellal | O1: ATLAS - Beni Mellal | P1: ASSALAM - Beni Mellal | Q1: HÃ´pital PrivÃ© de Beni Mellal (Akdital) - Beni Mellal | R1: AMAL - Beni Mellal | S1: IBN SINA - Beni Mellal | T1: LES OLIVIERS YASMINE - Fkih Ben Saleh | U1: Le Lac - Khouribga | V1: Clinique multidisciplinaire-OCP - Khouribga | W1: MARJANE - Khouribga | X1: CHIFA - Khouribga | Y1: DAKHLA - Khouribga | Z1: MOULAY YOUSSEF - Khouribga | AA1: Akdital - Khouribga | AB1: Al Ikhwa - Khouribga | AC1: M. D'ACCOUCHEMENT - Khenifra | AD1: EL AMAL - Khenifra | AE1: ACHIFFA (KARRAOUA) - Khenifra | AF1: LE CEDRE - Khenifra | AG1: Hôpital Provincial d'Azilal | AH1: Hôpital Régional de Béni Mellal | AI1: Hôpital Provincial de Fkih Ben Saleh | AJ1: Hôpital Hassan II (CHP) | AK1: Hôpital Provincial de Khénifra | AL1: CLINIQUE PRIVÉE - Khénifra (Simulation) | AM1: CLINIQUE PRIVÉE - Souk Sebt (Simulation) | AN1: CLINIQUE PRIVÉE - Demnate (Simulation) | AO1: Somme
A2: 05.091.01.01. | B2: Commune de Béni Mellal | C2: =Offre!$E$2*(Offre!$C$2^Param!$B$3)*1_Friction!C2 -> 6.900739 | D2: =Offre!$E$3*(Offre!$C$3^Param!$B$3)*1_Friction!D2 -> 8.8678898 | E2: =Offre!$E$4*(Offre!$C$4^Param!$B$3)*1_Friction!E2 -> 98.594541 | F2: =Offre!$E$5*(Offre!$C$5^Param!$B$3)*1_Friction!F2 -> 17.864917 | G2: =Offre!$E$6*(Offre!$C$6^Param!$B$3)*1_Friction!G2 -> 51.011414 | H2: =Offre!$E$7*(Offre!$C$7^Param!$B$3)*1_Friction!H2 -> 11.614108 | I2: =Offre!$E$8*(Offre!$C$8^Param!$B$3)*1_Friction!I2 -> 26.911725 | J2: =Offre!$E$9*(Offre!$C$9^Param!$B$3)*1_Friction!J2 -> 21.481548 | K2: =Offre!$E$10*(Offre!$C$10^Param!$B$3)*1_Friction!K2 -> 13.48061 | L2: =Offre!$E$11*(Offre!$C$11^Param!$B$3)*1_Friction!L2 -> 13.476246 | M2: =Offre!$E$12*(Offre!$C$12^Param!$B$3)*1_Friction!M2 -> 71.334968 | N2: =Offre!$E$13*(Offre!$C$13^Param!$B$3)*1_Friction!N2 -> 9.8094571 | O2: =Offre!$E$14*(Offre!$C$14^Param!$B$3)*1_Friction!O2 -> 31.44267 | P2: =Offre!$E$15*(Offre!$C$15^Param!$B$3)*1_Friction!P2 -> 15.254053 | Q2: =Offre!$E$16*(Offre!$C$16^Param!$B$3)*1_Friction!Q2 -> 134.66515 | R2: =Offre!$E$17*(Offre!$C$17^Param!$B$3)*1_Friction!R2 -> 17.931482 | S2: =Offre!$E$18*(Offre!$C$18^Param!$B$3)*1_Friction!S2 -> 13.451731 | T2: =Offre!$E$19*(Offre!$C$19^Param!$B$3)*1_Friction!T2 -> 5.7168076 | U2: =Offre!$E$20*(Offre!$C$20^Param!$B$3)*1_Friction!U2 -> 5.038853 | V2: =Offre!$E$21*(Offre!$C$21^Param!$B$3)*1_Friction!V2 -> 4.3782455 | W2: =Offre!$E$22*(Offre!$C$22^Param!$B$3)*1_Friction!W2 -> 0.73767316 | X2: =Offre!$E$23*(Offre!$C$23^Param!$B$3)*1_Friction!X2 -> 1.1303029 | Y2: =Offre!$E$24*(Offre!$C$24^Param!$B$3)*1_Friction!Y2 -> 0.75225592 | Z2: =Offre!$E$25*(Offre!$C$25^Param!$B$3)*1_Friction!Z2 -> 1.8347749 | AA2: =Offre!$E$26*(Offre!$C$26^Param!$B$3)*1_Friction!AA2 -> 3.8353978 | AB2: =Offre!$E$27*(Offre!$C$27^Param!$B$3)*1_Friction!AB2 -> 1.9138206 | AC2: =Offre!$E$28*(Offre!$C$28^Param!$B$3)*1_Friction!AC2 -> 0 | AD2: =Offre!$E$29*(Offre!$C$29^Param!$B$3)*1_Friction!AD2 -> 0 | AE2: =Offre!$E$30*(Offre!$C$30^Param!$B$3)*1_Friction!AE2 -> 0 | AF2: =Offre!$E$31*(Offre!$C$31^Param!$B$3)*1_Friction!AF2 -> 0 | AG2: =Offre!$E$32*(Offre!$C$32^Param!$B$3)*1_Friction!AG2 -> 0 | AH2: =Offre!$E$33*(Offre!$C$33^Param!$B$3)*1_Friction!AH2 -> 44.228643 | AI2: =Offre!$E$34*(Offre!$C$34^Param!$B$3)*1_Friction!AI2 -> 2.5108014 | AJ2: =Offre!$E$35*(Offre!$C$35^Param!$B$3)*1_Friction!AJ2 -> 1.5961614 | AK2: =Offre!$E$36*(Offre!$C$36^Param!$B$3)*1_Friction!AK2 -> 0 | AL2: =Offre!$E$37*(Offre!$C$37^Param!$B$3)*1_Friction!AL2 -> 0 | AM2: =Offre!$E$38*(Offre!$C$38^Param!$B$3)*1_Friction!AM2 -> 16.114839 | AN2: =Offre!$E$39*(Offre!$C$39^Param!$B$3)*1_Friction!AN2 -> 0 | AO2: =SUM(C2:AN2) -> 653.88183
A3: 05.091.01.07. | B3: Commune de Kasba Tadla | C3: =Offre!$E$2*(Offre!$C$2^Param!$B$3)*1_Friction!C3 -> 0.86161746 | D3: =Offre!$E$3*(Offre!$C$3^Param!$B$3)*1_Friction!D3 -> 3.6074723 | E3: =Offre!$E$4*(Offre!$C$4^Param!$B$3)*1_Friction!E3 -> 40.57401 | F3: =Offre!$E$5*(Offre!$C$5^Param!$B$3)*1_Friction!F3 -> 7.4002254 | G3: =Offre!$E$6*(Offre!$C$6^Param!$B$3)*1_Friction!G3 -> 20.825872 | H3: =Offre!$E$7*(Offre!$C$7^Param!$B$3)*1_Friction!H3 -> 5.2462821 | I3: =Offre!$E$8*(Offre!$C$8^Param!$B$3)*1_Friction!I3 -> 12.003559 | J3: =Offre!$E$9*(Offre!$C$9^Param!$B$3)*1_Friction!J3 -> 9.3118559 | K3: =Offre!$E$10*(Offre!$C$10^Param!$B$3)*1_Friction!K3 -> 5.6378049 | L3: =Offre!$E$11*(Offre!$C$11^Param!$B$3)*1_Friction!L3 -> 6.0069343 | M3: =Offre!$E$12*(Offre!$C$12^Param!$B$3)*1_Friction!M3 -> 33.716378 | N3: =Offre!$E$13*(Offre!$C$13^Param!$B$3)*1_Friction!N3 -> 4.2997196 | O3: =Offre!$E$14*(Offre!$C$14^Param!$B$3)*1_Friction!O3 -> 13.782362 | P3: =Offre!$E$15*(Offre!$C$15^Param!$B$3)*1_Friction!P3 -> 6.8020168 | Q3: =Offre!$E$16*(Offre!$C$16^Param!$B$3)*1_Friction!Q3 -> 60.2757 | R3: =Offre!$E$17*(Offre!$C$17^Param!$B$3)*1_Friction!R3 -> 7.968042 | S3: =Offre!$E$18*(Offre!$C$18^Param!$B$3)*1_Friction!S3 -> 5.8250025 | T3: =Offre!$E$19*(Offre!$C$19^Param!$B$3)*1_Friction!T3 -> 4.8573835 | U3: =Offre!$E$20*(Offre!$C$20^Param!$B$3)*1_Friction!U3 -> 7.7915818 | V3: =Offre!$E$21*(Offre!$C$21^Param!$B$3)*1_Friction!V3 -> 6.3629518 | W3: =Offre!$E$22*(Offre!$C$22^Param!$B$3)*1_Friction!W3 -> 1.4198707 | X3: =Offre!$E$23*(Offre!$C$23^Param!$B$3)*1_Friction!X3 -> 2.1488868 | Y3: =Offre!$E$24*(Offre!$C$24^Param!$B$3)*1_Friction!Y3 -> 1.4315047 | Z3: =Offre!$E$25*(Offre!$C$25^Param!$B$3)*1_Friction!Z3 -> 3.5007059 | AA3: =Offre!$E$26*(Offre!$C$26^Param!$B$3)*1_Friction!AA3 -> 7.2778066 | AB3: =Offre!$E$27*(Offre!$C$27^Param!$B$3)*1_Friction!AB3 -> 3.5911879 | AC3: =Offre!$E$28*(Offre!$C$28^Param!$B$3)*1_Friction!AC3 -> 0 | AD3: =Offre!$E$29*(Offre!$C$29^Param!$B$3)*1_Friction!AD3 -> 0 | AE3: =Offre!$E$30*(Offre!$C$30^Param!$B$3)*1_Friction!AE3 -> 0 | AF3: =Offre!$E$31*(Offre!$C$31^Param!$B$3)*1_Friction!AF3 -> 0 | AG3: =Offre!$E$32*(Offre!$C$32^Param!$B$3)*1_Friction!AG3 -> 0 | AH3: =Offre!$E$33*(Offre!$C$33^Param!$B$3)*1_Friction!AH3 -> 20.510572 | AI3: =Offre!$E$34*(Offre!$C$34^Param!$B$3)*1_Friction!AI3 -> 2.1257488 | AJ3: =Offre!$E$35*(Offre!$C$35^Param!$B$3)*1_Friction!AJ3 -> 3.0604336 | AK3: =Offre!$E$36*(Offre!$C$36^Param!$B$3)*1_Friction!AK3 -> 0 | AL3: =Offre!$E$37*(Offre!$C$37^Param!$B$3)*1_Friction!AL3 -> 0 | AM3: =Offre!$E$38*(Offre!$C$38^Param!$B$3)*1_Friction!AM3 -> 2.0001861 | AN3: =Offre!$E$39*(Offre!$C$39^Param!$B$3)*1_Friction!AN3 -> 0 | AO3: =SUM(C3:AN3) -> 310.22367
A4: 05.091.01.13. | B4: Commune de Zaouiat Cheikh | C4: =Offre!$E$2*(Offre!$C$2^Param!$B$3)*1_Friction!C4 -> 0 | D4: =Offre!$E$3*(Offre!$C$3^Param!$B$3)*1_Friction!D4 -> 0.87358189 | E4: =Offre!$E$4*(Offre!$C$4^Param!$B$3)*1_Friction!E4 -> 9.8960878 | F4: =Offre!$E$5*(Offre!$C$5^Param!$B$3)*1_Friction!F4 -> 1.81957 | G4: =Offre!$E$6*(Offre!$C$6^Param!$B$3)*1_Friction!G4 -> 5.078091 | H4: =Offre!$E$7*(Offre!$C$7^Param!$B$3)*1_Friction!H4 -> 1.3604716 | I4: =Offre!$E$8*(Offre!$C$8^Param!$B$3)*1_Friction!I4 -> 3.0958609 | J4: =Offre!$E$9*(Offre!$C$9^Param!$B$3)*1_Friction!J4 -> 2.3556288 | K4: =Offre!$E$10*(Offre!$C$10^Param!$B$3)*1_Friction!K4 -> 1.398497 | L4: =Offre!$E$11*(Offre!$C$11^Param!$B$3)*1_Friction!L4 -> 1.5501043 | M4: =Offre!$E$12*(Offre!$C$12^Param!$B$3)*1_Friction!M4 -> 8.9921968 | N4: =Offre!$E$13*(Offre!$C$13^Param!$B$3)*1_Friction!N4 -> 1.0935273 | O4: =Offre!$E$14*(Offre!$C$14^Param!$B$3)*1_Friction!O4 -> 3.5189832 | P4: =Offre!$E$15*(Offre!$C$15^Param!$B$3)*1_Friction!P4 -> 1.7543212 | Q4: =Offre!$E$16*(Offre!$C$16^Param!$B$3)*1_Friction!Q4 -> 15.588233 | R4: =Offre!$E$17*(Offre!$C$17^Param!$B$3)*1_Friction!R4 -> 2.0509028 | S4: =Offre!$E$18*(Offre!$C$18^Param!$B$3)*1_Friction!S4 -> 1.475406 | T4: =Offre!$E$19*(Offre!$C$19^Param!$B$3)*1_Friction!T4 -> 0.76442597 | U4: =Offre!$E$20*(Offre!$C$20^Param!$B$3)*1_Friction!U4 -> 1.2160338 | V4: =Offre!$E$21*(Offre!$C$21^Param!$B$3)*1_Friction!V4 -> 0 | W4: =Offre!$E$22*(Offre!$C$22^Param!$B$3)*1_Friction!W4 -> 0 | X4: =Offre!$E$23*(Offre!$C$23^Param!$B$3)*1_Friction!X4 -> 0 | Y4: =Offre!$E$24*(Offre!$C$24^Param!$B$3)*1_Friction!Y4 -> 0 | Z4: =Offre!$E$25*(Offre!$C$25^Param!$B$3)*1_Friction!Z4 -> 0 | AA4: =Offre!$E$26*(Offre!$C$26^Param!$B$3)*1_Friction!AA4 -> 0 | AB4: =Offre!$E$27*(Offre!$C$27^Param!$B$3)*1_Friction!AB4 -> 0 | AC4: =Offre!$E$28*(Offre!$C$28^Param!$B$3)*1_Friction!AC4 -> 0.49950931 | AD4: =Offre!$E$29*(Offre!$C$29^Param!$B$3)*1_Friction!AD4 -> 2.4263435 | AE4: =Offre!$E$30*(Offre!$C$30^Param!$B$3)*1_Friction!AE4 -> 1.3768807 | AF4: =Offre!$E$31*(Offre!$C$31^Param!$B$3)*1_Friction!AF4 -> 0.91227958 | AG4: =Offre!$E$32*(Offre!$C$32^Param!$B$3)*1_Friction!AG4 -> 0 | AH4: =Offre!$E$33*(Offre!$C$33^Param!$B$3)*1_Friction!AH4 -> 5.413853 | AI4: =Offre!$E$34*(Offre!$C$34^Param!$B$3)*1_Friction!AI4 -> 0.32456445 | AJ4: =Offre!$E$35*(Offre!$C$35^Param!$B$3)*1_Friction!AJ4 -> 0 | AK4: =Offre!$E$36*(Offre!$C$36^Param!$B$3)*1_Friction!AK4 -> 2.3514707 | AL4: =Offre!$E$37*(Offre!$C$37^Param!$B$3)*1_Friction!AL4 -> 4.5864621 | AM4: =Offre!$E$38*(Offre!$C$38^Param!$B$3)*1_Friction!AM4 -> 0 | AN4: =Offre!$E$39*(Offre!$C$39^Param!$B$3)*1_Friction!AN4 -> 0 | AO4: =SUM(C4:AN4) -> 81.773286
A5: 05.091.01.03. | B5: Commune d'El Ksiba | C5: =Offre!$E$2*(Offre!$C$2^Param!$B$3)*1_Friction!C5 -> 0.14863344 | D5: =Offre!$E$3*(Offre!$C$3^Param!$B$3)*1_Friction!D5 -> 1.2588465 | E5: =Offre!$E$4*(Offre!$C$4^Param!$B$3)*1_Friction!E5 -> 14.246186 | F5: =Offre!$E$5*(Offre!$C$5^Param!$B$3)*1_Friction!F5 -> 2.6133141 | G5: =Offre!$E$6*(Offre!$C$6^Param!$B$3)*1_Friction!G5 -> 7.3107413 | H5: =Offre!$E$7*(Offre!$C$7^Param!$B$3)*1_Friction!H5 -> 1.9324235 | I5: =Offre!$E$8*(Offre!$C$8^Param!$B$3)*1_Friction!I5 -> 4.3997994 | J5: =Offre!$E$9*(Offre!$C$9^Param!$B$3)*1_Friction!J5 -> 3.3641431 | K5: =Offre!$E$10*(Offre!$C$10^Param!$B$3)*1_Friction!K5 -> 2.0058214 | L5: =Offre!$E$11*(Offre!$C$11^Param!$B$3)*1_Friction!L5 -> 2.2041419 | M5: =Offre!$E$12*(Offre!$C$12^Param!$B$3)*1_Friction!M5 -> 12.694435 | N5: =Offre!$E$13*(Offre!$C$13^Param!$B$3)*1_Friction!N5 -> 1.5590136 | O5: =Offre!$E$14*(Offre!$C$14^Param!$B$3)*1_Friction!O5 -> 5.0153933 | P5: =Offre!$E$15*(Offre!$C$15^Param!$B$3)*1_Friction!P5 -> 2.4948215 | Q5: =Offre!$E$16*(Offre!$C$16^Param!$B$3)*1_Friction!Q5 -> 22.154833 | R5: =Offre!$E$17*(Offre!$C$17^Param!$B$3)*1_Friction!R5 -> 2.9162782 | S5: =Offre!$E$18*(Offre!$C$18^Param!$B$3)*1_Friction!S5 -> 2.1053254 | T5: =Offre!$E$19*(Offre!$C$19^Param!$B$3)*1_Friction!T5 -> 1.0682945 | U5: =Offre!$E$20*(Offre!$C$20^Param!$B$3)*1_Friction!U5 -> 1.7015433 | V5: =Offre!$E$21*(Offre!$C$21^Param!$B$3)*1_Friction!V5 -> 0 | W5: =Offre!$E$22*(Offre!$C$22^Param!$B$3)*1_Friction!W5 -> 0 | X5: =Offre!$E$23*(Offre!$C$23^Param!$B$3)*1_Friction!X5 -> 0 | Y5: =Offre!$E$24*(Offre!$C$24^Param!$B$3)*1_Friction!Y5 -> 0 | Z5: =Offre!$E$25*(Offre!$C$25^Param!$B$3)*1_Friction!Z5 -> 0 | AA5: =Offre!$E$26*(Offre!$C$26^Param!$B$3)*1_Friction!AA5 -> 0 | AB5: =Offre!$E$27*(Offre!$C$27^Param!$B$3)*1_Friction!AB5 -> 0.43939241 | AC5: =Offre!$E$28*(Offre!$C$28^Param!$B$3)*1_Friction!AC5 -> 0.099473933 | AD5: =Offre!$E$29*(Offre!$C$29^Param!$B$3)*1_Friction!AD5 -> 0.47836872 | AE5: =Offre!$E$30*(Offre!$C$30^Param!$B$3)*1_Friction!AE5 -> 0.26631862 | AF5: =Offre!$E$31*(Offre!$C$31^Param!$B$3)*1_Friction!AF5 -> 0.17608469 | AG5: =Offre!$E$32*(Offre!$C$32^Param!$B$3)*1_Friction!AG5 -> 0 | AH5: =Offre!$E$33*(Offre!$C$33^Param!$B$3)*1_Friction!AH5 -> 7.6553064 | AI5: =Offre!$E$34*(Offre!$C$34^Param!$B$3)*1_Friction!AI5 -> 0.45596675 | AJ5: =Offre!$E$35*(Offre!$C$35^Param!$B$3)*1_Friction!AJ5 -> 0 | AK5: =Offre!$E$36*(Offre!$C$36^Param!$B$3)*1_Friction!AK5 -> 0.40893972 | AL5: =Offre!$E$37*(Offre!$C$37^Param!$B$3)*1_Friction!AL5 -> 0.88772874 | AM5: =Offre!$E$38*(Offre!$C$38^Param!$B$3)*1_Friction!AM5 -> 0 | AN5: =Offre!$E$39*(Offre!$C$39^Param!$B$3)*1_Friction!AN5 -> 0 | AO5: =SUM(C5:AN5) -> 102.06157
A6: 05.091.03.03. | B6: Commune d'Ouled Gnaou | C6: =Offre!$E$2*(Offre!$C$2^Param!$B$3)*1_Friction!C6 -> 9.3179059 | D6: =Offre!$E$3*(Offre!$C$3^Param!$B$3)*1_Friction!D6 -> 6.8622777 | E6: =Offre!$E$4*(Offre!$C$4^Param!$B$3)*1_Friction!E6 -> 73.486583 | F6: =Offre!$E$5*(Offre!$C$5^Param!$B$3)*1_Friction!F6 -> 13.335084 | G6: =Offre!$E$6*(Offre!$C$6^Param!$B$3)*1_Friction!G6 -> 37.094866 | H6: =Offre!$E$7*(Offre!$C$7^Param!$B$3)*1_Friction!H6 -> 9.1075309 | I6: =Offre!$E$8*(Offre!$C$8^Param!$B$3)*1_Friction!I6 -> 20.060039 | J6: =Offre!$E$9*(Offre!$C$9^Param!$B$3)*1_Friction!J6 -> 15.825932 | K6: =Offre!$E$10*(Offre!$C$10^Param!$B$3)*1_Friction!K6 -> 9.8411481 | L6: =Offre!$E$11*(Offre!$C$11^Param!$B$3)*1_Friction!L6 -> 10.037839 | M6: =Offre!$E$12*(Offre!$C$12^Param!$B$3)*1_Friction!M6 -> 55.034411 | N6: =Offre!$E$13*(Offre!$C$13^Param!$B$3)*1_Friction!N6 -> 7.3400413 | O6: =Offre!$E$14*(Offre!$C$14^Param!$B$3)*1_Friction!O6 -> 23.18369 | P6: =Offre!$E$15*(Offre!$C$15^Param!$B$3)*1_Friction!P6 -> 11.233871 | Q6: =Offre!$E$16*(Offre!$C$16^Param!$B$3)*1_Friction!Q6 -> 98.226676 | R6: =Offre!$E$17*(Offre!$C$17^Param!$B$3)*1_Friction!R6 -> 13.051059 | S6: =Offre!$E$18*(Offre!$C$18^Param!$B$3)*1_Friction!S6 -> 9.7140324 | T6: =Offre!$E$19*(Offre!$C$19^Param!$B$3)*1_Friction!T6 -> 5.4678438 | U6: =Offre!$E$20*(Offre!$C$20^Param!$B$3)*1_Friction!U6 -> 1.5303274 | V6: =Offre!$E$21*(Offre!$C$21^Param!$B$3)*1_Friction!V6 -> 4.034697 | W6: =Offre!$E$22*(Offre!$C$22^Param!$B$3)*1_Friction!W6 -> 0.65108921 | X6: =Offre!$E$23*(Offre!$C$23^Param!$B$3)*1_Friction!X6 -> 0.879278 | Y6: =Offre!$E$24*(Offre!$C$24^Param!$B$3)*1_Friction!Y6 -> 0.58515151 | Z6: =Offre!$E$25*(Offre!$C$25^Param!$B$3)*1_Friction!Z6 -> 1.425838 | AA6: =Offre!$E$26*(Offre!$C$26^Param!$B$3)*1_Friction!AA6 -> 2.5048775 | AB6: =Offre!$E$27*(Offre!$C$27^Param!$B$3)*1_Friction!AB6 -> 1.0550062 | AC6: =Offre!$E$28*(Offre!$C$28^Param!$B$3)*1_Friction!AC6 -> 0 | AD6: =Offre!$E$29*(Offre!$C$29^Param!$B$3)*1_Friction!AD6 -> 0 | AE6: =Offre!$E$30*(Offre!$C$30^Param!$B$3)*1_Friction!AE6 -> 0 | AF6: =Offre!$E$31*(Offre!$C$31^Param!$B$3)*1_Friction!AF6 -> 0 | AG6: =Offre!$E$32*(Offre!$C$32^Param!$B$3)*1_Friction!AG6 -> 0.13876715 | AH6: =Offre!$E$33*(Offre!$C$33^Param!$B$3)*1_Friction!AH6 -> 31.333435 | AI6: =Offre!$E$34*(Offre!$C$34^Param!$B$3)*1_Friction!AI6 -> 2.5521623 | AJ6: =Offre!$E$35*(Offre!$C$35^Param!$B$3)*1_Friction!AJ6 -> 1.2382002 | AK6: =Offre!$E$36*(Offre!$C$36^Param!$B$3)*1_Friction!AK6 -> 0 | AL6: =Offre!$E$37*(Offre!$C$37^Param!$B$3)*1_Friction!AL6 -> 0 | AM6: =Offre!$E$38*(Offre!$C$38^Param!$B$3)*1_Friction!AM6 -> 22.611901 | AN6: =Offre!$E$39*(Offre!$C$39^Param!$B$3)*1_Friction!AN6 -> 0 | AO6: =SUM(C6:AN6) -> 498.76156
A7: 05.091.03.05. | B7: Commune d'Ouled M'barek | C7: =Offre!$E$2*(Offre!$C$2^Param!$B$3)*1_Friction!C7 -> 10.715364 | D7: =Offre!$E$3*(Offre!$C$3^Param!$B$3)*1_Friction!D7 -> 7.9833583 | E7: =Offre!$E$4*(Offre!$C$4^Param!$B$3)*1_Friction!E7 -> 86.242618 | F7: =Offre!$E$5*(Offre!$C$5^Param!$B$3)*1_Friction!F7 -> 15.507882 | G7: =Offre!$E$6*(Offre!$C$6^Param!$B$3)*1_Friction!G7 -> 43.761339 | H7: =Offre!$E$7*(Offre!$C$7^Param!$B$3)*1_Friction!H7 -> 9.8557088 | I7: =Offre!$E$8*(Offre!$C$8^Param!$B$3)*1_Friction!I7 -> 22.685402 | J7: =Offre!$E$9*(Offre!$C$9^Param!$B$3)*1_Friction!J7 -> 18.03573 | K7: =Offre!$E$10*(Offre!$C$10^Param!$B$3)*1_Friction!K7 -> 11.228811 | L7: =Offre!$E$11*(Offre!$C$11^Param!$B$3)*1_Friction!L7 -> 11.210399 | M7: =Offre!$E$12*(Offre!$C$12^Param!$B$3)*1_Friction!M7 -> 59.751902 | N7: =Offre!$E$13*(Offre!$C$13^Param!$B$3)*1_Friction!N7 -> 8.1665783 | O7: =Offre!$E$14*(Offre!$C$14^Param!$B$3)*1_Friction!O7 -> 25.951915 | P7: =Offre!$E$15*(Offre!$C$15^Param!$B$3)*1_Friction!P7 -> 12.578713 | Q7: =Offre!$E$16*(Offre!$C$16^Param!$B$3)*1_Friction!Q7 -> 110.21154 | R7: =Offre!$E$17*(Offre!$C$17^Param!$B$3)*1_Friction!R7 -> 14.653756 | S7: =Offre!$E$18*(Offre!$C$18^Param!$B$3)*1_Friction!S7 -> 10.923478 | T7: =Offre!$E$19*(Offre!$C$19^Param!$B$3)*1_Friction!T7 -> 4.7565382 | U7: =Offre!$E$20*(Offre!$C$20^Param!$B$3)*1_Friction!U7 -> 1.8539066 | V7: =Offre!$E$21*(Offre!$C$21^Param!$B$3)*1_Friction!V7 -> 3.1377093 | W7: =Offre!$E$22*(Offre!$C$22^Param!$B$3)*1_Friction!W7 -> 0.50277107 | X7: =Offre!$E$23*(Offre!$C$23^Param!$B$3)*1_Friction!X7 -> 0.6787339 | Y7: =Offre!$E$24*(Offre!$C$24^Param!$B$3)*1_Friction!Y7 -> 0.45166165 | Z7: =Offre!$E$25*(Offre!$C$25^Param!$B$3)*1_Friction!Z7 -> 1.0995187 | AA7: =Offre!$E$26*(Offre!$C$26^Param!$B$3)*1_Friction!AA7 -> 1.9224573 | AB7: =Offre!$E$27*(Offre!$C$27^Param!$B$3)*1_Friction!AB7 -> 0.80853119 | AC7: =Offre!$E$28*(Offre!$C$28^Param!$B$3)*1_Friction!AC7 -> 0 | AD7: =Offre!$E$29*(Offre!$C$29^Param!$B$3)*1_Friction!AD7 -> 0 | AE7: =Offre!$E$30*(Offre!$C$30^Param!$B$3)*1_Friction!AE7 -> 0 | AF7: =Offre!$E$31*(Offre!$C$31^Param!$B$3)*1_Friction!AF7 -> 0 | AG7: =Offre!$E$32*(Offre!$C$32^Param!$B$3)*1_Friction!AG7 -> 0.43354661 | AH7: =Offre!$E$33*(Offre!$C$33^Param!$B$3)*1_Friction!AH7 -> 35.38367 | AI7: =Offre!$E$34*(Offre!$C$34^Param!$B$3)*1_Friction!AI7 -> 2.0796352 | AJ7: =Offre!$E$35*(Offre!$C$35^Param!$B$3)*1_Friction!AJ7 -> 0.95313697 | AK7: =Offre!$E$36*(Offre!$C$36^Param!$B$3)*1_Friction!AK7 -> 0 | AL7: =Offre!$E$37*(Offre!$C$37^Param!$B$3)*1_Friction!AL7 -> 0 | AM7: =Offre!$E$38*(Offre!$C$38^Param!$B$3)*1_Friction!AM7 -> 25.662563 | AN7: =Offre!$E$39*(Offre!$C$39^Param!$B$3)*1_Friction!AN7 -> 0 | AO7: =SUM(C7:AN7) -> 559.18888
A8: 05.091.03.01. | B8: Commune de Foum Oudi | C8: =Offre!$E$2*(Offre!$C$2^Param!$B$3)*1_Friction!C8 -> 7.8754339 | D8: =Offre!$E$3*(Offre!$C$3^Param!$B$3)*1_Friction!D8 -> 8.1364416 | E8: =Offre!$E$4*(Offre!$C$4^Param!$B$3)*1_Friction!E8 -> 88.083643 | F8: =Offre!$E$5*(Offre!$C$5^Param!$B$3)*1_Friction!F8 -> 15.841307 | G8: =Offre!$E$6*(Offre!$C$6^Param!$B$3)*1_Friction!G8 -> 44.734562 | H8: =Offre!$E$7*(Offre!$C$7^Param!$B$3)*1_Friction!H8 -> 10.083833 | I8: =Offre!$E$8*(Offre!$C$8^Param!$B$3)*1_Friction!I8 -> 23.214605 | J8: =Offre!$E$9*(Offre!$C$9^Param!$B$3)*1_Friction!J8 -> 18.464274 | K8: =Offre!$E$10*(Offre!$C$10^Param!$B$3)*1_Friction!K8 -> 11.498598 | L8: =Offre!$E$11*(Offre!$C$11^Param!$B$3)*1_Friction!L8 -> 11.480997 | M8: =Offre!$E$12*(Offre!$C$12^Param!$B$3)*1_Friction!M8 -> 61.196703 | N8: =Offre!$E$13*(Offre!$C$13^Param!$B$3)*1_Friction!N8 -> 8.3673567 | O8: =Offre!$E$14*(Offre!$C$14^Param!$B$3)*1_Friction!O8 -> 26.58691 | P8: =Offre!$E$15*(Offre!$C$15^Param!$B$3)*1_Friction!P8 -> 12.89078 | Q8: =Offre!$E$16*(Offre!$C$16^Param!$B$3)*1_Friction!Q8 -> 112.97392 | R8: =Offre!$E$17*(Offre!$C$17^Param!$B$3)*1_Friction!R8 -> 15.026731 | S8: =Offre!$E$18*(Offre!$C$18^Param!$B$3)*1_Friction!S8 -> 11.203482 | T8: =Offre!$E$19*(Offre!$C$19^Param!$B$3)*1_Friction!T8 -> 4.3694492 | U8: =Offre!$E$20*(Offre!$C$20^Param!$B$3)*1_Friction!U8 -> 2.0291102 | V8: =Offre!$E$21*(Offre!$C$21^Param!$B$3)*1_Friction!V8 -> 2.7027833 | W8: =Offre!$E$22*(Offre!$C$22^Param!$B$3)*1_Friction!W8 -> 0.43131854 | X8: =Offre!$E$23*(Offre!$C$23^Param!$B$3)*1_Friction!X8 -> 0.58215311 | Y8: =Offre!$E$24*(Offre!$C$24^Param!$B$3)*1_Friction!Y8 -> 0.38773969 | Z8: =Offre!$E$25*(Offre!$C$25^Param!$B$3)*1_Friction!Z8 -> 0.94339458 | AA8: =Offre!$E$26*(Offre!$C$26^Param!$B$3)*1_Friction!AA8 -> 1.6434316 | AB8: =Offre!$E$27*(Offre!$C$27^Param!$B$3)*1_Friction!AB8 -> 0.69024214 | AC8: =Offre!$E$28*(Offre!$C$28^Param!$B$3)*1_Friction!AC8 -> 0 | AD8: =Offre!$E$29*(Offre!$C$29^Param!$B$3)*1_Friction!AD8 -> 0 | AE8: =Offre!$E$30*(Offre!$C$30^Param!$B$3)*1_Friction!AE8 -> 0 | AF8: =Offre!$E$31*(Offre!$C$31^Param!$B$3)*1_Friction!AF8 -> 0 | AG8: =Offre!$E$32*(Offre!$C$32^Param!$B$3)*1_Friction!AG8 -> 0.18744595 | AH8: =Offre!$E$33*(Offre!$C$33^Param!$B$3)*1_Friction!AH8 -> 36.336792 | AI8: =Offre!$E$34*(Offre!$C$34^Param!$B$3)*1_Friction!AI8 -> 1.9070431 | AJ8: =Offre!$E$35*(Offre!$C$35^Param!$B$3)*1_Friction!AJ8 -> 0.8169699 | AK8: =Offre!$E$36*(Offre!$C$36^Param!$B$3)*1_Friction!AK8 -> 0 | AL8: =Offre!$E$37*(Offre!$C$37^Param!$B$3)*1_Friction!AL8 -> 0 | AM8: =Offre!$E$38*(Offre!$C$38^Param!$B$3)*1_Friction!AM8 -> 18.514096 | AN8: =Offre!$E$39*(Offre!$C$39^Param!$B$3)*1_Friction!AN8 -> 0 | AO8: =SUM(C8:AN8) -> 559.20155
A9: 05.091.03.07. | B9: Commune d'Ouled Yaich | C9: =Offre!$E$2*(Offre!$C$2^Param!$B$3)*1_Friction!C9 -> 3.257332 | D9: =Offre!$E$3*(Offre!$C$3^Param!$B$3)*1_Friction!D9 -> 7.1267658 | E9: =Offre!$E$4*(Offre!$C$4^Param!$B$3)*1_Friction!E9 -> 79.63356 | F9: =Offre!$E$5*(Offre!$C$5^Param!$B$3)*1_Friction!F9 -> 14.436031 | G9: =Offre!$E$6*(Offre!$C$6^Param!$B$3)*1_Friction!G9 -> 40.883622 | H9: =Offre!$E$7*(Offre!$C$7^Param!$B$3)*1_Friction!H9 -> 9.7871308 | I9: =Offre!$E$8*(Offre!$C$8^Param!$B$3)*1_Friction!I9 -> 22.489758 | J9: =Offre!$E$9*(Offre!$C$9^Param!$B$3)*1_Friction!J9 -> 17.73192 | K9: =Offre!$E$10*(Offre!$C$10^Param!$B$3)*1_Friction!K9 -> 10.911483 | L9: =Offre!$E$11*(Offre!$C$11^Param!$B$3)*1_Friction!L9 -> 11.251753 | M9: =Offre!$E$12*(Offre!$C$12^Param!$B$3)*1_Friction!M9 -> 61.454432 | N9: =Offre!$E$13*(Offre!$C$13^Param!$B$3)*1_Friction!N9 -> 8.1563163 | O9: =Offre!$E$14*(Offre!$C$14^Param!$B$3)*1_Friction!O9 -> 26.044259 | P9: =Offre!$E$15*(Offre!$C$15^Param!$B$3)*1_Friction!P9 -> 12.746794 | Q9: =Offre!$E$16*(Offre!$C$16^Param!$B$3)*1_Friction!Q9 -> 112.70048 | R9: =Offre!$E$17*(Offre!$C$17^Param!$B$3)*1_Friction!R9 -> 14.965617 | S9: =Offre!$E$18*(Offre!$C$18^Param!$B$3)*1_Friction!S9 -> 11.087144 | T9: =Offre!$E$19*(Offre!$C$19^Param!$B$3)*1_Friction!T9 -> 4.2453401 | U9: =Offre!$E$20*(Offre!$C$20^Param!$B$3)*1_Friction!U9 -> 7.6558587 | V9: =Offre!$E$21*(Offre!$C$21^Param!$B$3)*1_Friction!V9 -> 6.1881486 | W9: =Offre!$E$22*(Offre!$C$22^Param!$B$3)*1_Friction!W9 -> 1.3818205 | X9: =Offre!$E$23*(Offre!$C$23^Param!$B$3)*1_Friction!X9 -> 2.0924324 | Y9: =Offre!$E$24*(Offre!$C$24^Param!$B$3)*1_Friction!Y9 -> 1.3938914 | Z9: =Offre!$E$25*(Offre!$C$25^Param!$B$3)*1_Friction!Z9 -> 3.4083303 | AA9: =Offre!$E$26*(Offre!$C$26^Param!$B$3)*1_Friction!AA9 -> 7.0872003 | AB9: =Offre!$E$27*(Offre!$C$27^Param!$B$3)*1_Friction!AB9 -> 3.4988468 | AC9: =Offre!$E$28*(Offre!$C$28^Param!$B$3)*1_Friction!AC9 -> 0 | AD9: =Offre!$E$29*(Offre!$C$29^Param!$B$3)*1_Friction!AD9 -> 0 | AE9: =Offre!$E$30*(Offre!$C$30^Param!$B$3)*1_Friction!AE9 -> 0 | AF9: =Offre!$E$31*(Offre!$C$31^Param!$B$3)*1_Friction!AF9 -> 0 | AG9: =Offre!$E$32*(Offre!$C$32^Param!$B$3)*1_Friction!AG9 -> 0 | AH9: =Offre!$E$33*(Offre!$C$33^Param!$B$3)*1_Friction!AH9 -> 37.698911 | AI9: =Offre!$E$34*(Offre!$C$34^Param!$B$3)*1_Friction!AI9 -> 1.8527941 | AJ9: =Offre!$E$35*(Offre!$C$35^Param!$B$3)*1_Friction!AJ9 -> 2.9790355 | AK9: =Offre!$E$36*(Offre!$C$36^Param!$B$3)*1_Friction!AK9 -> 0 | AL9: =Offre!$E$37*(Offre!$C$37^Param!$B$3)*1_Friction!AL9 -> 0 | AM9: =Offre!$E$38*(Offre!$C$38^Param!$B$3)*1_Friction!AM9 -> 7.3781409 | AN9: =Offre!$E$39*(Offre!$C$39^Param!$B$3)*1_Friction!AN9 -> 0 | AO9: =SUM(C9:AN9) -> 551.52515
A10: 05.091.03.09. | B10: Commune de Sidi Jaber | C10: =Offre!$E$2*(Offre!$C$2^Param!$B$3)*1_Friction!C10 -> 6.2895855 | D10: =Offre!$E$3*(Offre!$C$3^Param!$B$3)*1_Friction!D10 -> 8.2616911 | E10: =Offre!$E$4*(Offre!$C$4^Param!$B$3)*1_Friction!E10 -> 89.844708 | F10: =Offre!$E$5*(Offre!$C$5^Param!$B$3)*1_Friction!F10 -> 16.255594 | G10: =Offre!$E$6*(Offre!$C$6^Param!$B$3)*1_Friction!G10 -> 45.669474 | H10: =Offre!$E$7*(Offre!$C$7^Param!$B$3)*1_Friction!H10 -> 10.863863 | I10: =Offre!$E$8*(Offre!$C$8^Param!$B$3)*1_Friction!I10 -> 24.424095 | J10: =Offre!$E$9*(Offre!$C$9^Param!$B$3)*1_Friction!J10 -> 19.380428 | K10: =Offre!$E$10*(Offre!$C$10^Param!$B$3)*1_Friction!K10 -> 12.076434 | L10: =Offre!$E$11*(Offre!$C$11^Param!$B$3)*1_Friction!L10 -> 12.215733 | M10: =Offre!$E$12*(Offre!$C$12^Param!$B$3)*1_Friction!M10 -> 66.194586 | N10: =Offre!$E$13*(Offre!$C$13^Param!$B$3)*1_Friction!N10 -> 8.9446569 | O10: =Offre!$E$14*(Offre!$C$14^Param!$B$3)*1_Friction!O10 -> 28.338208 | P10: =Offre!$E$15*(Offre!$C$15^Param!$B$3)*1_Friction!P10 -> 13.742863 | Q10: =Offre!$E$16*(Offre!$C$16^Param!$B$3)*1_Friction!Q10 -> 120.62951 | R10: =Offre!$E$17*(Offre!$C$17^Param!$B$3)*1_Friction!R10 -> 16.050363 | S10: =Offre!$E$18*(Offre!$C$18^Param!$B$3)*1_Friction!S10 -> 11.982938 | T10: =Offre!$E$19*(Offre!$C$19^Param!$B$3)*1_Friction!T10 -> 8.5354121 | U10: =Offre!$E$20*(Offre!$C$20^Param!$B$3)*1_Friction!U10 -> 3.0866574 | V10: =Offre!$E$21*(Offre!$C$21^Param!$B$3)*1_Friction!V10 -> 9.6223566 | W10: =Offre!$E$22*(Offre!$C$22^Param!$B$3)*1_Friction!W10 -> 1.5950722 | X10: =Offre!$E$23*(Offre!$C$23^Param!$B$3)*1_Friction!X10 -> 2.1570506 | Y10: =Offre!$E$24*(Offre!$C$24^Param!$B$3)*1_Friction!Y10 -> 1.4358547 | Z10: =Offre!$E$25*(Offre!$C$25^Param!$B$3)*1_Friction!Z10 -> 3.5113901 | AA10: =Offre!$E$26*(Offre!$C$26^Param!$B$3)*1_Friction!AA10 -> 6.2810023 | AB10: =Offre!$E$27*(Offre!$C$27^Param!$B$3)*1_Friction!AB10 -> 2.6695699 | AC10: =Offre!$E$28*(Offre!$C$28^Param!$B$3)*1_Friction!AC10 -> 0 | AD10: =Offre!$E$29*(Offre!$C$29^Param!$B$3)*1_Friction!AD10 -> 0 | AE10: =Offre!$E$30*(Offre!$C$30^Param!$B$3)*1_Friction!AE10 -> 0 | AF10: =Offre!$E$31*(Offre!$C$31^Param!$B$3)*1_Friction!AF10 -> 0 | AG10: =Offre!$E$32*(Offre!$C$32^Param!$B$3)*1_Friction!AG10 -> 0 | AH10: =Offre!$E$33*(Offre!$C$33^Param!$B$3)*1_Friction!AH10 -> 38.981795 | AI10: =Offre!$E$34*(Offre!$C$34^Param!$B$3)*1_Friction!AI10 -> 3.7880647 | AJ10: =Offre!$E$35*(Offre!$C$35^Param!$B$3)*1_Friction!AJ10 -> 3.0698495 | AK10: =Offre!$E$36*(Offre!$C$36^Param!$B$3)*1_Friction!AK10 -> 0 | AL10: =Offre!$E$37*(Offre!$C$37^Param!$B$3)*1_Friction!AL10 -> 0 | AM10: =Offre!$E$38*(Offre!$C$38^Param!$B$3)*1_Friction!AM10 -> 14.627884 | AN10: =Offre!$E$39*(Offre!$C$39^Param!$B$3)*1_Friction!AN10 -> 0 | AO10: =SUM(C10:AN10) -> 610.52668
A11: 05.091.03.11. | B11: Commune de Foum El Anceur | C11: =Offre!$E$2*(Offre!$C$2^Param!$B$3)*1_Friction!C11 -> 1.5078651 | D11: =Offre!$E$3*(Offre!$C$3^Param!$B$3)*1_Friction!D11 -> 5.946241 | E11: =Offre!$E$4*(Offre!$C$4^Param!$B$3)*1_Friction!E11 -> 66.003275 | F11: =Offre!$E$5*(Offre!$C$5^Param!$B$3)*1_Friction!F11 -> 12.256287 | G11: =Offre!$E$6*(Offre!$C$6^Param!$B$3)*1_Friction!G11 -> 36.97389 | H11: =Offre!$E$7*(Offre!$C$7^Param!$B$3)*1_Friction!H11 -> 7.9665866 | I11: =Offre!$E$8*(Offre!$C$8^Param!$B$3)*1_Friction!I11 -> 19.986948 | J11: =Offre!$E$9*(Offre!$C$9^Param!$B$3)*1_Friction!J11 -> 15.567954 | K11: =Offre!$E$10*(Offre!$C$10^Param!$B$3)*1_Friction!K11 -> 9.729971 | L11: =Offre!$E$11*(Offre!$C$11^Param!$B$3)*1_Friction!L11 -> 10.252448 | M11: =Offre!$E$12*(Offre!$C$12^Param!$B$3)*1_Friction!M11 -> 47.569928 | N11: =Offre!$E$13*(Offre!$C$13^Param!$B$3)*1_Friction!N11 -> 7.1353121 | O11: =Offre!$E$14*(Offre!$C$14^Param!$B$3)*1_Friction!O11 -> 23.318106 | P11: =Offre!$E$15*(Offre!$C$15^Param!$B$3)*1_Friction!P11 -> 11.619442 | Q11: =Offre!$E$16*(Offre!$C$16^Param!$B$3)*1_Friction!Q11 -> 105.06181 | R11: =Offre!$E$17*(Offre!$C$17^Param!$B$3)*1_Friction!R11 -> 13.669931 | S11: =Offre!$E$18*(Offre!$C$18^Param!$B$3)*1_Friction!S11 -> 10.252448 | T11: =Offre!$E$19*(Offre!$C$19^Param!$B$3)*1_Friction!T11 -> 1.2100601 | U11: =Offre!$E$20*(Offre!$C$20^Param!$B$3)*1_Friction!U11 -> 0.5613269 | V11: =Offre!$E$21*(Offre!$C$21^Param!$B$3)*1_Friction!V11 -> 0 | W11: =Offre!$E$22*(Offre!$C$22^Param!$B$3)*1_Friction!W11 -> 0 | X11: =Offre!$E$23*(Offre!$C$23^Param!$B$3)*1_Friction!X11 -> 0 | Y11: =Offre!$E$24*(Offre!$C$24^Param!$B$3)*1_Friction!Y11 -> 0 | Z11: =Offre!$E$25*(Offre!$C$25^Param!$B$3)*1_Friction!Z11 -> 0 | AA11: =Offre!$E$26*(Offre!$C$26^Param!$B$3)*1_Friction!AA11 -> 0 | AB11: =Offre!$E$27*(Offre!$C$27^Param!$B$3)*1_Friction!AB11 -> 0 | AC11: =Offre!$E$28*(Offre!$C$28^Param!$B$3)*1_Friction!AC11 -> 0 | AD11: =Offre!$E$29*(Offre!$C$29^Param!$B$3)*1_Friction!AD11 -> 0 | AE11: =Offre!$E$30*(Offre!$C$30^Param!$B$3)*1_Friction!AE11 -> 0 | AF11: =Offre!$E$31*(Offre!$C$31^Param!$B$3)*1_Friction!AF11 -> 0 | AG11: =Offre!$E$32*(Offre!$C$32^Param!$B$3)*1_Friction!AG11 -> 0 | AH11: =Offre!$E$33*(Offre!$C$33^Param!$B$3)*1_Friction!AH11 -> 34.631486 | AI11: =Offre!$E$34*(Offre!$C$34^Param!$B$3)*1_Friction!AI11 -> 0.55461087 | AJ11: =Offre!$E$35*(Offre!$C$35^Param!$B$3)*1_Friction!AJ11 -> 0 | AK11: =Offre!$E$36*(Offre!$C$36^Param!$B$3)*1_Friction!AK11 -> 0 | AL11: =Offre!$E$37*(Offre!$C$37^Param!$B$3)*1_Friction!AL11 -> 0 | AM11: =Offre!$E$38*(Offre!$C$38^Param!$B$3)*1_Friction!AM11 -> 4.0473121 | AN11: =Offre!$E$39*(Offre!$C$39^Param!$B$3)*1_Friction!AN11 -> 0 | AO11: =SUM(C11:AN11) -> 445.82324
A12: 05.091.07.11. | B12: Commune de Naour | C12: =Offre!$E$2*(Offre!$C$2^Param!$B$3)*1_Friction!C12 -> 0 | D12: =Offre!$E$3*(Offre!$C$3^Param!$B$3)*1_Friction!D12 -> 0 | E12: =Offre!$E$4*(Offre!$C$4^Param!$B$3)*1_Friction!E12 -> 0 | F12: =Offre!$E$5*(Offre!$C$5^Param!$B$3)*1_Friction!F12 -> 0 | G12: =Offre!$E$6*(Offre!$C$6^Param!$B$3)*1_Friction!G12 -> 0 | H12: =Offre!$E$7*(Offre!$C$7^Param!$B$3)*1_Friction!H12 -> 0 | I12: =Offre!$E$8*(Offre!$C$8^Param!$B$3)*1_Friction!I12 -> 0 | J12: =Offre!$E$9*(Offre!$C$9^Param!$B$3)*1_Friction!J12 -> 0 | K12: =Offre!$E$10*(Offre!$C$10^Param!$B$3)*1_Friction!K12 -> 0 | L12: =Offre!$E$11*(Offre!$C$11^Param!$B$3)*1_Friction!L12 -> 0 | M12: =Offre!$E$12*(Offre!$C$12^Param!$B$3)*1_Friction!M12 -> 0 | N12: =Offre!$E$13*(Offre!$C$13^Param!$B$3)*1_Friction!N12 -> 0 | O12: =Offre!$E$14*(Offre!$C$14^Param!$B$3)*1_Friction!O12 -> 0 | P12: =Offre!$E$15*(Offre!$C$15^Param!$B$3)*1_Friction!P12 -> 0 | Q12: =Offre!$E$16*(Offre!$C$16^Param!$B$3)*1_Friction!Q12 -> 0 | R12: =Offre!$E$17*(Offre!$C$17^Param!$B$3)*1_Friction!R12 -> 0 | S12: =Offre!$E$18*(Offre!$C$18^Param!$B$3)*1_Friction!S12 -> 0 | T12: =Offre!$E$19*(Offre!$C$19^Param!$B$3)*1_Friction!T12 -> 0 | U12: =Offre!$E$20*(Offre!$C$20^Param!$B$3)*1_Friction!U12 -> 0 | V12: =Offre!$E$21*(Offre!$C$21^Param!$B$3)*1_Friction!V12 -> 0 | W12: =Offre!$E$22*(Offre!$C$22^Param!$B$3)*1_Friction!W12 -> 0 | X12: =Offre!$E$23*(Offre!$C$23^Param!$B$3)*1_Friction!X12 -> 0 | Y12: =Offre!$E$24*(Offre!$C$24^Param!$B$3)*1_Friction!Y12 -> 0 | Z12: =Offre!$E$25*(Offre!$C$25^Param!$B$3)*1_Friction!Z12 -> 0 | AA12: =Offre!$E$26*(Offre!$C$26^Param!$B$3)*1_Friction!AA12 -> 0 | AB12: =Offre!$E$27*(Offre!$C$27^Param!$B$3)*1_Friction!AB12 -> 0 | AC12: =Offre!$E$28*(Offre!$C$28^Param!$B$3)*1_Friction!AC12 -> 0 | AD12: =Offre!$E$29*(Offre!$C$29^Param!$B$3)*1_Friction!AD12 -> 0 | AE12: =Offre!$E$30*(Offre!$C$30^Param!$B$3)*1_Friction!AE12 -> 0 | AF12: =Offre!$E$31*(Offre!$C$31^Param!$B$3)*1_Friction!AF12 -> 0 | AG12: =Offre!$E$32*(Offre!$C$32^Param!$B$3)*1_Friction!AG12 -> 0 | AH12: =Offre!$E$33*(Offre!$C$33^Param!$B$3)*1_Friction!AH12 -> 0 | AI12: =Offre!$E$34*(Offre!$C$34^Param!$B$3)*1_Friction!AI12 -> 0 | AJ12: =Offre!$E$35*(Offre!$C$35^Param!$B$3)*1_Friction!AJ12 -> 0 | AK12: =Offre!$E$36*(Offre!$C$36^Param!$B$3)*1_Friction!AK12 -> 0 | AL12: =Offre!$E$37*(Offre!$C$37^Param!$B$3)*1_Friction!AL12 -> 0 | AM12: =Offre!$E$38*(Offre!$C$38^Param!$B$3)*1_Friction!AM12 -> 0 | AN12: =Offre!$E$39*(Offre!$C$39^Param!$B$3)*1_Friction!AN12 -> 0 | AO12: =SUM(C12:AN12) -> 0
A13: 05.091.07.07. | B13: Commune de Dir El Ksiba | C13: =Offre!$E$2*(Offre!$C$2^Param!$B$3)*1_Friction!C13 -> 0.15200179 | D13: =Offre!$E$3*(Offre!$C$3^Param!$B$3)*1_Friction!D13 -> 1.2774713 | E13: =Offre!$E$4*(Offre!$C$4^Param!$B$3)*1_Friction!E13 -> 14.455911 | F13: =Offre!$E$5*(Offre!$C$5^Param!$B$3)*1_Friction!F13 -> 2.6516069 | G13: =Offre!$E$6*(Offre!$C$6^Param!$B$3)*1_Friction!G13 -> 7.4134667 | H13: =Offre!$E$7*(Offre!$C$7^Param!$B$3)*1_Friction!H13 -> 1.9585193 | I13: =Offre!$E$8*(Offre!$C$8^Param!$B$3)*1_Friction!I13 -> 4.4622933 | J13: =Offre!$E$9*(Offre!$C$9^Param!$B$3)*1_Friction!J13 -> 3.4103142 | K13: =Offre!$E$10*(Offre!$C$10^Param!$B$3)*1_Friction!K13 -> 2.0350345 | L13: =Offre!$E$11*(Offre!$C$11^Param!$B$3)*1_Friction!L13 -> 2.2340031 | M13: =Offre!$E$12*(Offre!$C$12^Param!$B$3)*1_Friction!M13 -> 12.862699 | N13: =Offre!$E$13*(Offre!$C$13^Param!$B$3)*1_Friction!N13 -> 1.5813672 | O13: =Offre!$E$14*(Offre!$C$14^Param!$B$3)*1_Friction!O13 -> 5.0838141 | P13: =Offre!$E$15*(Offre!$C$15^Param!$B$3)*1_Friction!P13 -> 2.5286329 | Q13: =Offre!$E$16*(Offre!$C$16^Param!$B$3)*1_Friction!Q13 -> 22.468898 | R13: =Offre!$E$17*(Offre!$C$17^Param!$B$3)*1_Friction!R13 -> 2.957767 | S13: =Offre!$E$18*(Offre!$C$18^Param!$B$3)*1_Friction!S13 -> 2.1355923 | T13: =Offre!$E$19*(Offre!$C$19^Param!$B$3)*1_Friction!T13 -> 0.95516727 | U13: =Offre!$E$20*(Offre!$C$20^Param!$B$3)*1_Friction!U13 -> 1.5207106 | V13: =Offre!$E$21*(Offre!$C$21^Param!$B$3)*1_Friction!V13 -> 0 | W13: =Offre!$E$22*(Offre!$C$22^Param!$B$3)*1_Friction!W13 -> 0 | X13: =Offre!$E$23*(Offre!$C$23^Param!$B$3)*1_Friction!X13 -> 0 | Y13: =Offre!$E$24*(Offre!$C$24^Param!$B$3)*1_Friction!Y13 -> 0 | Z13: =Offre!$E$25*(Offre!$C$25^Param!$B$3)*1_Friction!Z13 -> 0 | AA13: =Offre!$E$26*(Offre!$C$26^Param!$B$3)*1_Friction!AA13 -> 0 | AB13: =Offre!$E$27*(Offre!$C$27^Param!$B$3)*1_Friction!AB13 -> 0 | AC13: =Offre!$E$28*(Offre!$C$28^Param!$B$3)*1_Friction!AC13 -> 0.087236757 | AD13: =Offre!$E$29*(Offre!$C$29^Param!$B$3)*1_Friction!AD13 -> 0.41883756 | AE13: =Offre!$E$30*(Offre!$C$30^Param!$B$3)*1_Friction!AE13 -> 0.23307885 | AF13: =Offre!$E$31*(Offre!$C$31^Param!$B$3)*1_Friction!AF13 -> 0.15394048 | AG13: =Offre!$E$32*(Offre!$C$32^Param!$B$3)*1_Friction!AG13 -> 0 | AH13: =Offre!$E$33*(Offre!$C$33^Param!$B$3)*1_Friction!AH13 -> 7.7623902 | AI13: =Offre!$E$34*(Offre!$C$34^Param!$B$3)*1_Friction!AI13 -> 0.4067445 | AJ13: =Offre!$E$35*(Offre!$C$35^Param!$B$3)*1_Friction!AJ13 -> 0 | AK13: =Offre!$E$36*(Offre!$C$36^Param!$B$3)*1_Friction!AK13 -> 0.35488675 | AL13: =Offre!$E$37*(Offre!$C$37^Param!$B$3)*1_Friction!AL13 -> 0.7725862 | AM13: =Offre!$E$38*(Offre!$C$38^Param!$B$3)*1_Friction!AM13 -> 0 | AN13: =Offre!$E$39*(Offre!$C$39^Param!$B$3)*1_Friction!AN13 -> 0 | AO13: =SUM(C13:AN13) -> 102.33497
... A136: 05.311.07.13. | B136: Commune d'Oulad Aissa | C136: =Offre!$E$2*(Offre!$C$2^Param!$B$3)*1_Friction!C136 -> 0 | D136: =Offre!$E$3*(Offre!$C$3^Param!$B$3)*1_Friction!D136 -> 0 | E136: =Offre!$E$4*(Offre!$C$4^Param!$B$3)*1_Friction!E136 -> 0 | F136: =Offre!$E$5*(Offre!$C$5^Param!$B$3)*1_Friction!F136 -> 0 | G136: =Offre!$E$6*(Offre!$C$6^Param!$B$3)*1_Friction!G136 -> 0 | H136: =Offre!$E$7*(Offre!$C$7^Param!$B$3)*1_Friction!H136 -> 0 | I136: =Offre!$E$8*(Offre!$C$8^Param!$B$3)*1_Friction!I136 -> 0 | J136: =Offre!$E$9*(Offre!$C$9^Param!$B$3)*1_Friction!J136 -> 0 | K136: =Offre!$E$10*(Offre!$C$10^Param!$B$3)*1_Friction!K136 -> 0 | L136: =Offre!$E$11*(Offre!$C$11^Param!$B$3)*1_Friction!L136 -> 0 | M136: =Offre!$E$12*(Offre!$C$12^Param!$B$3)*1_Friction!M136 -> 0 | N136: =Offre!$E$13*(Offre!$C$13^Param!$B$3)*1_Friction!N136 -> 0 | O136: =Offre!$E$14*(Offre!$C$14^Param!$B$3)*1_Friction!O136 -> 0 | P136: =Offre!$E$15*(Offre!$C$15^Param!$B$3)*1_Friction!P136 -> 0 | Q136: =Offre!$E$16*(Offre!$C$16^Param!$B$3)*1_Friction!Q136 -> 0 | R136: =Offre!$E$17*(Offre!$C$17^Param!$B$3)*1_Friction!R136 -> 0 | S136: =Offre!$E$18*(Offre!$C$18^Param!$B$3)*1_Friction!S136 -> 0 | T136: =Offre!$E$19*(Offre!$C$19^Param!$B$3)*1_Friction!T136 -> 0 | U136: =Offre!$E$20*(Offre!$C$20^Param!$B$3)*1_Friction!U136 -> 5.3829078 | V136: =Offre!$E$21*(Offre!$C$21^Param!$B$3)*1_Friction!V136 -> 2.1866393 | W136: =Offre!$E$22*(Offre!$C$22^Param!$B$3)*1_Friction!W136 -> 0.47936103 | X136: =Offre!$E$23*(Offre!$C$23^Param!$B$3)*1_Friction!X136 -> 0.74000975 | Y136: =Offre!$E$24*(Offre!$C$24^Param!$B$3)*1_Friction!Y136 -> 0.49244814 | Z136: =Offre!$E$25*(Offre!$C$25^Param!$B$3)*1_Friction!Z136 -> 1.1991844 | AA136: =Offre!$E$26*(Offre!$C$26^Param!$B$3)*1_Friction!AA136 -> 2.5139341 | AB136: =Offre!$E$27*(Offre!$C$27^Param!$B$3)*1_Friction!AB136 -> 1.2629277 | AC136: =Offre!$E$28*(Offre!$C$28^Param!$B$3)*1_Friction!AC136 -> 0 | AD136: =Offre!$E$29*(Offre!$C$29^Param!$B$3)*1_Friction!AD136 -> 0 | AE136: =Offre!$E$30*(Offre!$C$30^Param!$B$3)*1_Friction!AE136 -> 0 | AF136: =Offre!$E$31*(Offre!$C$31^Param!$B$3)*1_Friction!AF136 -> 0 | AG136: =Offre!$E$32*(Offre!$C$32^Param!$B$3)*1_Friction!AG136 -> 0 | AH136: =Offre!$E$33*(Offre!$C$33^Param!$B$3)*1_Friction!AH136 -> 0 | AI136: =Offre!$E$34*(Offre!$C$34^Param!$B$3)*1_Friction!AI136 -> 0 | AJ136: =Offre!$E$35*(Offre!$C$35^Param!$B$3)*1_Friction!AJ136 -> 1.0401404 | AK136: =Offre!$E$36*(Offre!$C$36^Param!$B$3)*1_Friction!AK136 -> 0 | AL136: =Offre!$E$37*(Offre!$C$37^Param!$B$3)*1_Friction!AL136 -> 0 | AM136: =Offre!$E$38*(Offre!$C$38^Param!$B$3)*1_Friction!AM136 -> 0 | AN136: =Offre!$E$39*(Offre!$C$39^Param!$B$3)*1_Friction!AN136 -> 0 | AO136: =SUM(C136:AN136) -> 15.297553
A137: FEUILLE 2_UTILITÉ — Étape 1a : Utilité brute Uij = λj × Sj^α × f(dij ; β)
A138: Uij = λj × Sj^α × f(dij ; β) → formule Excel en C2 : =Offre!$E$2*(Offre!$C$2^Param!$B$3)*'1_Friction'!C2
A139: • Uij : attractivité pondérée de l'établissement j perçue depuis la commune i.
A140: • λj (Offre col E) : coefficient de préférence sectorielle. Intégré ici pour moduler l'attractivité selon le secteur.
A141: • Sj^α (Offre col C ^ Param B3) : effet capacité — plus l'établissement est grand, plus il est attractif.
A142: • f(dij;β) (feuille 1_Friction) : pénalisation de la distance — plus i est loin de j, plus Uij est faible.
A143: • Colonne SOMME (dernière col) : Σk Uik = somme de toutes les utilités accessibles depuis i.
A144: → Si Somme = 0 : commune isolée (aucun établissement dans dmax) → SPAI = 0 par convention.
A145: → Si Somme > 0 : Huff_ij = Uij / Somme (voir feuille suivante).
A146: • Cette étape N'EXISTE PAS dans la formulation standard de Huff. Elle est introduite ici
A147: pour préparer la normalisation de l'étape suivante de manière transparente.

Sheet 3_Huff
A1: Code géo. | B1: Commune | C1: DAR ESSALAM - Fkih Ben Saleh | D1: NOUR - Beni Mellal | E1: HÃ´pital PrivÃ© Al-Farabi - Beni Mellal | F1: BEN ASSOU - Beni Mellal | G1: JABRANE - Beni Mellal | H1: BOUHOU - Beni Mellal | I1: BENI MELLAL - Beni Mellal | J1: MALAK - Beni Mellal | K1: ERRAZI - Beni Mellal | L1: AL CHIFA - Beni Mellal | M1: Clinique International Beni Mellal - Beni Mellal | N1: AL ADDARISSA - Beni Mellal | O1: ATLAS - Beni Mellal | P1: ASSALAM - Beni Mellal | Q1: HÃ´pital PrivÃ© de Beni Mellal (Akdital) - Beni Mellal | R1: AMAL - Beni Mellal | S1: IBN SINA - Beni Mellal | T1: LES OLIVIERS YASMINE - Fkih Ben Saleh | U1: Le Lac - Khouribga | V1: Clinique multidisciplinaire-OCP - Khouribga | W1: MARJANE - Khouribga | X1: CHIFA - Khouribga | Y1: DAKHLA - Khouribga | Z1: MOULAY YOUSSEF - Khouribga | AA1: Akdital - Khouribga | AB1: Al Ikhwa - Khouribga | AC1: M. D'ACCOUCHEMENT - Khenifra | AD1: EL AMAL - Khenifra | AE1: ACHIFFA (KARRAOUA) - Khenifra | AF1: LE CEDRE - Khenifra | AG1: Hôpital Provincial d'Azilal | AH1: Hôpital Régional de Béni Mellal | AI1: Hôpital Provincial de Fkih Ben Saleh | AJ1: Hôpital Hassan II (CHP) | AK1: Hôpital Provincial de Khénifra | AL1: CLINIQUE PRIVÉE - Khénifra (Simulation) | AM1: CLINIQUE PRIVÉE - Souk Sebt (Simulation) | AN1: CLINIQUE PRIVÉE - Demnate (Simulation) | AO1: Σ Huff | AP1: N étab. accessibles
A2: 05.091.01.01. | B2: Commune de Béni Mellal | C2: =IF(2_Utilité!AO2>0,2_Utilité!C2/2_Utilité!AO2,0) -> 0.010553496 | D2: =IF(2_Utilité!AO2>0,2_Utilité!D2/2_Utilité!AO2,0) -> 0.013561915 | E2: =IF(2_Utilité!AO2>0,2_Utilité!E2/2_Utilité!AO2,0) -> 0.15078342 | F2: =IF(2_Utilité!AO2>0,2_Utilité!F2/2_Utilité!AO2,0) -> 0.027321323 | G2: =IF(2_Utilité!AO2>0,2_Utilité!G2/2_Utilité!AO2,0) -> 0.078013201 | H2: =IF(2_Utilité!AO2>0,2_Utilité!H2/2_Utilité!AO2,0) -> 0.017761784 | I2: =IF(2_Utilité!AO2>0,2_Utilité!I2/2_Utilité!AO2,0) -> 0.041156864 | J2: =IF(2_Utilité!AO2>0,2_Utilité!J2/2_Utilité!AO2,0) -> 0.03285234 | K2: =IF(2_Utilité!AO2>0,2_Utilité!K2/2_Utilité!AO2,0) -> 0.020616279 | L2: =IF(2_Utilité!AO2>0,2_Utilité!L2/2_Utilité!AO2,0) -> 0.020609605 | M2: =IF(2_Utilité!AO2>0,2_Utilité!M2/2_Utilité!AO2,0) -> 0.10909459 | N2: =IF(2_Utilité!AO2>0,2_Utilité!N2/2_Utilité!AO2,0) -> 0.015001881 | O2: =IF(2_Utilité!AO2>0,2_Utilité!O2/2_Utilité!AO2,0) -> 0.048086166 | P2: =IF(2_Utilité!AO2>0,2_Utilité!P2/2_Utilité!AO2,0) -> 0.023328456 | Q2: =IF(2_Utilité!AO2>0,2_Utilité!Q2/2_Utilité!AO2,0) -> 0.20594723 | R2: =IF(2_Utilité!AO2>0,2_Utilité!R2/2_Utilité!AO2,0) -> 0.027423123 | S2: =IF(2_Utilité!AO2>0,2_Utilité!S2/2_Utilité!AO2,0) -> 0.020572114 | T2: =IF(2_Utilité!AO2>0,2_Utilité!T2/2_Utilité!AO2,0) -> 0.0087428758 | U2: =IF(2_Utilité!AO2>0,2_Utilité!U2/2_Utilité!AO2,0) -> 0.0077060605 | V2: =IF(2_Utilité!AO2>0,2_Utilité!V2/2_Utilité!AO2,0) -> 0.0066957749 | W2: =IF(2_Utilité!AO2>0,2_Utilité!W2/2_Utilité!AO2,0) -> 0.0011281445 | X2: =IF(2_Utilité!AO2>0,2_Utilité!X2/2_Utilité!AO2,0) -> 0.0017286043 | Y2: =IF(2_Utilité!AO2>0,2_Utilité!Y2/2_Utilité!AO2,0) -> 0.0011504463 | Z2: =IF(2_Utilité!AO2>0,2_Utilité!Z2/2_Utilité!AO2,0) -> 0.0028059732 | AA2: =IF(2_Utilité!AO2>0,2_Utilité!AA2/2_Utilité!AO2,0) -> 0.0058655824 | AB2: =IF(2_Utilité!AO2>0,2_Utilité!AB2/2_Utilité!AO2,0) -> 0.00292686 | AC2: =IF(2_Utilité!AO2>0,2_Utilité!AC2/2_Utilité!AO2,0) -> 0 | AD2: =IF(2_Utilité!AO2>0,2_Utilité!AD2/2_Utilité!AO2,0) -> 0 | AE2: =IF(2_Utilité!AO2>0,2_Utilité!AE2/2_Utilité!AO2,0) -> 0 | AF2: =IF(2_Utilité!AO2>0,2_Utilité!AF2/2_Utilité!AO2,0) -> 0 | AG2: =IF(2_Utilité!AO2>0,2_Utilité!AG2/2_Utilité!AO2,0) -> 0 | AH2: =IF(2_Utilité!AO2>0,2_Utilité!AH2/2_Utilité!AO2,0) -> 0.067640117 | AI2: =IF(2_Utilité!AO2>0,2_Utilité!AI2/2_Utilité!AO2,0) -> 0.0038398396 | AJ2: =IF(2_Utilité!AO2>0,2_Utilité!AJ2/2_Utilité!AO2,0) -> 0.0024410548 | AK2: =IF(2_Utilité!AO2>0,2_Utilité!AK2/2_Utilité!AO2,0) -> 0 | AL2: =IF(2_Utilité!AO2>0,2_Utilité!AL2/2_Utilité!AO2,0) -> 0 | AM2: =IF(2_Utilité!AO2>0,2_Utilité!AM2/2_Utilité!AO2,0) -> 0.024644879 | AN2: =IF(2_Utilité!AO2>0,2_Utilité!AN2/2_Utilité!AO2,0) -> 0 | AO2: =SUM(C2:AN2) -> 1 | AP2: =COUNTIF(Matrice_OD!$C2:$AN2,"<="&Param!$B$2) -> 30
A3: 05.091.01.07. | B3: Commune de Kasba Tadla | C3: =IF(2_Utilité!AO3>0,2_Utilité!C3/2_Utilité!AO3,0) -> 0.0027774072 | D3: =IF(2_Utilité!AO3>0,2_Utilité!D3/2_Utilité!AO3,0) -> 0.011628617 | E3: =IF(2_Utilité!AO3>0,2_Utilité!E3/2_Utilité!AO3,0) -> 0.13078953 | F3: =IF(2_Utilité!AO3>0,2_Utilité!F3/2_Utilité!AO3,0) -> 0.023854483 | G3: =IF(2_Utilité!AO3>0,2_Utilité!G3/2_Utilité!AO3,0) -> 0.067131794 | H3: =IF(2_Utilité!AO3>0,2_Utilité!H3/2_Utilité!AO3,0) -> 0.016911289 | I3: =IF(2_Utilité!AO3>0,2_Utilité!I3/2_Utilité!AO3,0) -> 0.03869324 | J3: =IF(2_Utilité!AO3>0,2_Utilité!J3/2_Utilité!AO3,0) -> 0.030016587 | K3: =IF(2_Utilité!AO3>0,2_Utilité!K3/2_Utilité!AO3,0) -> 0.018173355 | L3: =IF(2_Utilité!AO3>0,2_Utilité!L3/2_Utilité!AO3,0) -> 0.019363236 | M3: =IF(2_Utilité!AO3>0,2_Utilité!M3/2_Utilité!AO3,0) -> 0.10868409 | N3: =IF(2_Utilité!AO3>0,2_Utilité!N3/2_Utilité!AO3,0) -> 0.013860063 | O3: =IF(2_Utilité!AO3>0,2_Utilité!O3/2_Utilité!AO3,0) -> 0.044427178 | P3: =IF(2_Utilité!AO3>0,2_Utilité!P3/2_Utilité!AO3,0) -> 0.021926169 | Q3: =IF(2_Utilité!AO3>0,2_Utilité!Q3/2_Utilité!AO3,0) -> 0.19429755 | R3: =IF(2_Utilité!AO3>0,2_Utilité!R3/2_Utilité!AO3,0) -> 0.025684829 | S3: =IF(2_Utilité!AO3>0,2_Utilité!S3/2_Utilité!AO3,0) -> 0.018776783 | T3: =IF(2_Utilité!AO3>0,2_Utilité!T3/2_Utilité!AO3,0) -> 0.015657682 | U3: =IF(2_Utilité!AO3>0,2_Utilité!U3/2_Utilité!AO3,0) -> 0.025116013 | V3: =IF(2_Utilité!AO3>0,2_Utilité!V3/2_Utilité!AO3,0) -> 0.020510852 | W3: =IF(2_Utilité!AO3>0,2_Utilité!W3/2_Utilité!AO3,0) -> 0.0045769256 | X3: =IF(2_Utilité!AO3>0,2_Utilité!X3/2_Utilité!AO3,0) -> 0.006926895 | Y3: =IF(2_Utilité!AO3>0,2_Utilité!Y3/2_Utilité!AO3,0) -> 0.0046144276 | Z3: =IF(2_Utilité!AO3>0,2_Utilité!Z3/2_Utilité!AO3,0) -> 0.011284458 | AA3: =IF(2_Utilité!AO3>0,2_Utilité!AA3/2_Utilité!AO3,0) -> 0.023459868 | AB3: =IF(2_Utilité!AO3>0,2_Utilité!AB3/2_Utilité!AO3,0) -> 0.011576125 | AC3: =IF(2_Utilité!AO3>0,2_Utilité!AC3/2_Utilité!AO3,0) -> 0 | AD3: =IF(2_Utilité!AO3>0,2_Utilité!AD3/2_Utilité!AO3,0) -> 0 | AE3: =IF(2_Utilité!AO3>0,2_Utilité!AE3/2_Utilité!AO3,0) -> 0 | AF3: =IF(2_Utilité!AO3>0,2_Utilité!AF3/2_Utilité!AO3,0) -> 0 | AG3: =IF(2_Utilité!AO3>0,2_Utilité!AG3/2_Utilité!AO3,0) -> 0 | AH3: =IF(2_Utilité!AO3>0,2_Utilité!AH3/2_Utilité!AO3,0) -> 0.06611543 | AI3: =IF(2_Utilité!AO3>0,2_Utilité!AI3/2_Utilité!AO3,0) -> 0.0068523099 | AJ3: =IF(2_Utilité!AO3>0,2_Utilité!AJ3/2_Utilité!AO3,0) -> 0.0098652485 | AK3: =IF(2_Utilité!AO3>0,2_Utilité!AK3/2_Utilité!AO3,0) -> 0 | AL3: =IF(2_Utilité!AO3>0,2_Utilité!AL3/2_Utilité!AO3,0) -> 0 | AM3: =IF(2_Utilité!AO3>0,2_Utilité!AM3/2_Utilité!AO3,0) -> 0.0064475611 | AN3: =IF(2_Utilité!AO3>0,2_Utilité!AN3/2_Utilité!AO3,0) -> 0 | AO3: =SUM(C3:AN3) -> 1 | AP3: =COUNTIF(Matrice_OD!$C3:$AN3,"<="&Param!$B$2) -> 30
A4: 05.091.01.13. | B4: Commune de Zaouiat Cheikh | C4: =IF(2_Utilité!AO4>0,2_Utilité!C4/2_Utilité!AO4,0) -> 0 | D4: =IF(2_Utilité!AO4>0,2_Utilité!D4/2_Utilité!AO4,0) -> 0.010682974 | E4: =IF(2_Utilité!AO4>0,2_Utilité!E4/2_Utilité!AO4,0) -> 0.12101859 | F4: =IF(2_Utilité!AO4>0,2_Utilité!F4/2_Utilité!AO4,0) -> 0.022251399 | G4: =IF(2_Utilité!AO4>0,2_Utilité!G4/2_Utilité!AO4,0) -> 0.062099632 | H4: =IF(2_Utilité!AO4>0,2_Utilité!H4/2_Utilité!AO4,0) -> 0.016637115 | I4: =IF(2_Utilité!AO4>0,2_Utilité!I4/2_Utilité!AO4,0) -> 0.037859074 | J4: =IF(2_Utilité!AO4>0,2_Utilité!J4/2_Utilité!AO4,0) -> 0.028806826 | K4: =IF(2_Utilité!AO4>0,2_Utilité!K4/2_Utilité!AO4,0) -> 0.017102126 | L4: =IF(2_Utilité!AO4>0,2_Utilité!L4/2_Utilité!AO4,0) -> 0.018956121 | M4: =IF(2_Utilité!AO4>0,2_Utilité!M4/2_Utilité!AO4,0) -> 0.10996497 | N4: =IF(2_Utilité!AO4>0,2_Utilité!N4/2_Utilité!AO4,0) -> 0.013372672 | O4: =IF(2_Utilité!AO4>0,2_Utilité!O4/2_Utilité!AO4,0) -> 0.043033408 | P4: =IF(2_Utilité!AO4>0,2_Utilité!P4/2_Utilité!AO4,0) -> 0.021453475 | Q4: =IF(2_Utilité!AO4>0,2_Utilité!Q4/2_Utilité!AO4,0) -> 0.19062745 | R4: =IF(2_Utilité!AO4>0,2_Utilité!R4/2_Utilité!AO4,0) -> 0.025080352 | S4: =IF(2_Utilité!AO4>0,2_Utilité!S4/2_Utilité!AO4,0) -> 0.01804264 | T4: =IF(2_Utilité!AO4>0,2_Utilité!T4/2_Utilité!AO4,0) -> 0.0093481135 | U4: =IF(2_Utilité!AO4>0,2_Utilité!U4/2_Utilité!AO4,0) -> 0.014870795 | V4: =IF(2_Utilité!AO4>0,2_Utilité!V4/2_Utilité!AO4,0) -> 0 | W4: =IF(2_Utilité!AO4>0,2_Utilité!W4/2_Utilité!AO4,0) -> 0 | X4: =IF(2_Utilité!AO4>0,2_Utilité!X4/2_Utilité!AO4,0) -> 0 | Y4: =IF(2_Utilité!AO4>0,2_Utilité!Y4/2_Utilité!AO4,0) -> 0 | Z4: =IF(2_Utilité!AO4>0,2_Utilité!Z4/2_Utilité!AO4,0) -> 0 | AA4: =IF(2_Utilité!AO4>0,2_Utilité!AA4/2_Utilité!AO4,0) -> 0 | AB4: =IF(2_Utilité!AO4>0,2_Utilité!AB4/2_Utilité!AO4,0) -> 0 | AC4: =IF(2_Utilité!AO4>0,2_Utilité!AC4/2_Utilité!AO4,0) -> 0.0061084656 | AD4: =IF(2_Utilité!AO4>0,2_Utilité!AD4/2_Utilité!AO4,0) -> 0.029671591 | AE4: =IF(2_Utilité!AO4>0,2_Utilité!AE4/2_Utilité!AO4,0) -> 0.016837782 | AF4: =IF(2_Utilité!AO4>0,2_Utilité!AF4/2_Utilité!AO4,0) -> 0.011156205 | AG4: =IF(2_Utilité!AO4>0,2_Utilité!AG4/2_Utilité!AO4,0) -> 0 | AH4: =IF(2_Utilité!AO4>0,2_Utilité!AH4/2_Utilité!AO4,0) -> 0.066205642 | AI4: =IF(2_Utilité!AO4>0,2_Utilité!AI4/2_Utilité!AO4,0) -> 0.0039690767 | AJ4: =IF(2_Utilité!AO4>0,2_Utilité!AJ4/2_Utilité!AO4,0) -> 0 | AK4: =IF(2_Utilité!AO4>0,2_Utilité!AK4/2_Utilité!AO4,0) -> 0.028755976 | AL4: =IF(2_Utilité!AO4>0,2_Utilité!AL4/2_Utilité!AO4,0) -> 0.056087536 | AM4: =IF(2_Utilité!AO4>0,2_Utilité!AM4/2_Utilité!AO4,0) -> 0 | AN4: =IF(2_Utilité!AO4>0,2_Utilité!AN4/2_Utilité!AO4,0) -> 0 | AO4: =SUM(C4:AN4) -> 1 | AP4: =COUNTIF(Matrice_OD!$C4:$AN4,"<="&Param!$B$2) -> 26
A5: 05.091.01.03. | B5: Commune d'El Ksiba | C5: =IF(2_Utilité!AO5>0,2_Utilité!C5/2_Utilité!AO5,0) -> 0.0014563116 | D5: =IF(2_Utilité!AO5>0,2_Utilité!D5/2_Utilité!AO5,0) -> 0.012334187 | E5: =IF(2_Utilité!AO5>0,2_Utilité!E5/2_Utilité!AO5,0) -> 0.13958423 | F5: =IF(2_Utilité!AO5>0,2_Utilité!F5/2_Utilité!AO5,0) -> 0.025605271 | G5: =IF(2_Utilité!AO5>0,2_Utilité!G5/2_Utilité!AO5,0) -> 0.071630697 | H5: =IF(2_Utilité!AO5>0,2_Utilité!H5/2_Utilité!AO5,0) -> 0.0189339 | I5: =IF(2_Utilité!AO5>0,2_Utilité!I5/2_Utilité!AO5,0) -> 0.043109267 | J5: =IF(2_Utilité!AO5>0,2_Utilité!J5/2_Utilité!AO5,0) -> 0.0329619 | K5: =IF(2_Utilité!AO5>0,2_Utilité!K5/2_Utilité!AO5,0) -> 0.019653053 | L5: =IF(2_Utilité!AO5>0,2_Utilité!L5/2_Utilité!AO5,0) -> 0.021596198 | M5: =IF(2_Utilité!AO5>0,2_Utilité!M5/2_Utilité!AO5,0) -> 0.12438016 | N5: =IF(2_Utilité!AO5>0,2_Utilité!N5/2_Utilité!AO5,0) -> 0.015275227 | O5: =IF(2_Utilité!AO5>0,2_Utilité!O5/2_Utilité!AO5,0) -> 0.049140861 | P5: =IF(2_Utilité!AO5>0,2_Utilité!P5/2_Utilité!AO5,0) -> 0.02444428 | Q5: =IF(2_Utilité!AO5>0,2_Utilité!Q5/2_Utilité!AO5,0) -> 0.21707322 | R5: =IF(2_Utilité!AO5>0,2_Utilité!R5/2_Utilité!AO5,0) -> 0.028573715 | S5: =IF(2_Utilité!AO5>0,2_Utilité!S5/2_Utilité!AO5,0) -> 0.020627994 | T5: =IF(2_Utilité!AO5>0,2_Utilité!T5/2_Utilité!AO5,0) -> 0.010467157 | U5: =IF(2_Utilité!AO5>0,2_Utilité!U5/2_Utilité!AO5,0) -> 0.016671734 | V5: =IF(2_Utilité!AO5>0,2_Utilité!V5/2_Utilité!AO5,0) -> 0 | W5: =IF(2_Utilité!AO5>0,2_Utilité!W5/2_Utilité!AO5,0) -> 0 | X5: =IF(2_Utilité!AO5>0,2_Utilité!X5/2_Utilité!AO5,0) -> 0 | Y5: =IF(2_Utilité!AO5>0,2_Utilité!Y5/2_Utilité!AO5,0) -> 0 | Z5: =IF(2_Utilité!AO5>0,2_Utilité!Z5/2_Utilité!AO5,0) -> 0 | AA5: =IF(2_Utilité!AO5>0,2_Utilité!AA5/2_Utilité!AO5,0) -> 0 | AB5: =IF(2_Utilité!AO5>0,2_Utilité!AB5/2_Utilité!AO5,0) -> 0.0043051701 | AC5: =IF(2_Utilité!AO5>0,2_Utilité!AC5/2_Utilité!AO5,0) -> 0.00097464634 | AD5: =IF(2_Utilité!AO5>0,2_Utilité!AD5/2_Utilité!AO5,0) -> 0.0046870603 | AE5: =IF(2_Utilité!AO5>0,2_Utilité!AE5/2_Utilité!AO5,0) -> 0.0026093918 | AF5: =IF(2_Utilité!AO5>0,2_Utilité!AF5/2_Utilité!AO5,0) -> 0.0017252791 | AG5: =IF(2_Utilité!AO5>0,2_Utilité!AG5/2_Utilité!AO5,0) -> 0 | AH5: =IF(2_Utilité!AO5>0,2_Utilité!AH5/2_Utilité!AO5,0) -> 0.075006749 | AI5: =IF(2_Utilité!AO5>0,2_Utilité!AI5/2_Utilité!AO5,0) -> 0.0044675656 | AJ5: =IF(2_Utilité!AO5>0,2_Utilité!AJ5/2_Utilité!AO5,0) -> 0 | AK5: =IF(2_Utilité!AO5>0,2_Utilité!AK5/2_Utilité!AO5,0) -> 0.0040067944 | AL5: =IF(2_Utilité!AO5>0,2_Utilité!AL5/2_Utilité!AO5,0) -> 0.0086979727 | AM5: =IF(2_Utilité!AO5>0,2_Utilité!AM5/2_Utilité!AO5,0) -> 0 | AN5: =IF(2_Utilité!AO5>0,2_Utilité!AN5/2_Utilité!AO5,0) -> 0 | AO5: =SUM(C5:AN5) -> 1 | AP5: =COUNTIF(Matrice_OD!$C5:$AN5,"<="&Param!$B$2) -> 28
A6: 05.091.03.03. | B6: Commune d'Ouled Gnaou | C6: =IF(2_Utilité!AO6>0,2_Utilité!C6/2_Utilité!AO6,0) -> 0.018682085 | D6: =IF(2_Utilité!AO6>0,2_Utilité!D6/2_Utilité!AO6,0) -> 0.013758634 | E6: =IF(2_Utilité!AO6>0,2_Utilité!E6/2_Utilité!AO6,0) -> 0.14733811 | F6: =IF(2_Utilité!AO6>0,2_Utilité!F6/2_Utilité!AO6,0) -> 0.02673639 | G6: =IF(2_Utilité!AO6>0,2_Utilité!G6/2_Utilité!AO6,0) -> 0.074373948 | H6: =IF(2_Utilité!AO6>0,2_Utilité!H6/2_Utilité!AO6,0) -> 0.01826029 | I6: =IF(2_Utilité!AO6>0,2_Utilité!I6/2_Utilité!AO6,0) -> 0.040219697 | J6: =IF(2_Utilité!AO6>0,2_Utilité!J6/2_Utilité!AO6,0) -> 0.031730456 | K6: =IF(2_Utilité!AO6>0,2_Utilité!K6/2_Utilité!AO6,0) -> 0.019731168 | L6: =IF(2_Utilité!AO6>0,2_Utilité!L6/2_Utilité!AO6,0) -> 0.020125526 | M6: =IF(2_Utilité!AO6>0,2_Utilité!M6/2_Utilité!AO6,0) -> 0.11034213 | N6: =IF(2_Utilité!AO6>0,2_Utilité!N6/2_Utilité!AO6,0) -> 0.014716534 | O6: =IF(2_Utilité!AO6>0,2_Utilité!O6/2_Utilité!AO6,0) -> 0.046482511 | P6: =IF(2_Utilité!AO6>0,2_Utilité!P6/2_Utilité!AO6,0) -> 0.02252353 | Q6: =IF(2_Utilité!AO6>0,2_Utilité!Q6/2_Utilité!AO6,0) -> 0.19694115 | R6: =IF(2_Utilité!AO6>0,2_Utilité!R6/2_Utilité!AO6,0) -> 0.02616693 | S6: =IF(2_Utilité!AO6>0,2_Utilité!S6/2_Utilité!AO6,0) -> 0.019476305 | T6: =IF(2_Utilité!AO6>0,2_Utilité!T6/2_Utilité!AO6,0) -> 0.010962841 | U6: =IF(2_Utilité!AO6>0,2_Utilité!U6/2_Utilité!AO6,0) -> 0.0030682545 | V6: =IF(2_Utilité!AO6>0,2_Utilité!V6/2_Utilité!AO6,0) -> 0.0080894306 | W6: =IF(2_Utilité!AO6>0,2_Utilité!W6/2_Utilité!AO6,0) -> 0.0013054118 | X6: =IF(2_Utilité!AO6>0,2_Utilité!X6/2_Utilité!AO6,0) -> 0.0017629226 | Y6: =IF(2_Utilité!AO6>0,2_Utilité!Y6/2_Utilité!AO6,0) -> 0.0011732089 | Z6: =IF(2_Utilité!AO6>0,2_Utilité!Z6/2_Utilité!AO6,0) -> 0.0028587569 | AA6: =IF(2_Utilité!AO6>0,2_Utilité!AA6/2_Utilité!AO6,0) -> 0.0050221943 | AB6: =IF(2_Utilité!AO6>0,2_Utilité!AB6/2_Utilité!AO6,0) -> 0.0021152517 | AC6: =IF(2_Utilité!AO6>0,2_Utilité!AC6/2_Utilité!AO6,0) -> 0 | AD6: =IF(2_Utilité!AO6>0,2_Utilité!AD6/2_Utilité!AO6,0) -> 0 | AE6: =IF(2_Utilité!AO6>0,2_Utilité!AE6/2_Utilité!AO6,0) -> 0 | AF6: =IF(2_Utilité!AO6>0,2_Utilité!AF6/2_Utilité!AO6,0) -> 0 | AG6: =IF(2_Utilité!AO6>0,2_Utilité!AG6/2_Utilité!AO6,0) -> 0.00027822342 | AH6: =IF(2_Utilité!AO6>0,2_Utilité!AH6/2_Utilité!AO6,0) -> 0.062822474 | AI6: =IF(2_Utilité!AO6>0,2_Utilité!AI6/2_Utilité!AO6,0) -> 0.0051169987 | AJ6: =IF(2_Utilité!AO6>0,2_Utilité!AJ6/2_Utilité!AO6,0) -> 0.0024825494 | AK6: =IF(2_Utilité!AO6>0,2_Utilité!AK6/2_Utilité!AO6,0) -> 0 | AL6: =IF(2_Utilité!AO6>0,2_Utilité!AL6/2_Utilité!AO6,0) -> 0 | AM6: =IF(2_Utilité!AO6>0,2_Utilité!AM6/2_Utilité!AO6,0) -> 0.045336094 | AN6: =IF(2_Utilité!AO6>0,2_Utilité!AN6/2_Utilité!AO6,0) -> 0 | AO6: =SUM(C6:AN6) -> 1 | AP6: =COUNTIF(Matrice_OD!$C6:$AN6,"<="&Param!$B$2) -> 31
A7: 05.091.03.05. | B7: Commune d'Ouled M'barek | C7: =IF(2_Utilité!AO7>0,2_Utilité!C7/2_Utilité!AO7,0) -> 0.019162334 | D7: =IF(2_Utilité!AO7>0,2_Utilité!D7/2_Utilité!AO7,0) -> 0.014276676 | E7: =IF(2_Utilité!AO7>0,2_Utilité!E7/2_Utilité!AO7,0) -> 0.15422806 | F7: =IF(2_Utilité!AO7>0,2_Utilité!F7/2_Utilité!AO7,0) -> 0.027732815 | G7: =IF(2_Utilité!AO7>0,2_Utilité!G7/2_Utilité!AO7,0) -> 0.0782586 | H7: =IF(2_Utilité!AO7>0,2_Utilité!H7/2_Utilité!AO7,0) -> 0.017625009 | I7: =IF(2_Utilité!AO7>0,2_Utilité!I7/2_Utilité!AO7,0) -> 0.040568407 | J7: =IF(2_Utilité!AO7>0,2_Utilité!J7/2_Utilité!AO7,0) -> 0.032253378 | K7: =IF(2_Utilité!AO7>0,2_Utilité!K7/2_Utilité!AO7,0) -> 0.020080533 | L7: =IF(2_Utilité!AO7>0,2_Utilité!L7/2_Utilité!AO7,0) -> 0.020047608 | M7: =IF(2_Utilité!AO7>0,2_Utilité!M7/2_Utilité!AO7,0) -> 0.1068546 | N7: =IF(2_Utilité!AO7>0,2_Utilité!N7/2_Utilité!AO7,0) -> 0.014604329 | O7: =IF(2_Utilité!AO7>0,2_Utilité!O7/2_Utilité!AO7,0) -> 0.046409928 | P7: =IF(2_Utilité!AO7>0,2_Utilité!P7/2_Utilité!AO7,0) -> 0.02249457 | Q7: =IF(2_Utilité!AO7>0,2_Utilité!Q7/2_Utilité!AO7,0) -> 0.1970918 | R7: =IF(2_Utilité!AO7>0,2_Utilité!R7/2_Utilité!AO7,0) -> 0.026205378 | S7: =IF(2_Utilité!AO7>0,2_Utilité!S7/2_Utilité!AO7,0) -> 0.019534505 | T7: =IF(2_Utilité!AO7>0,2_Utilité!T7/2_Utilité!AO7,0) -> 0.0085061388 | U7: =IF(2_Utilité!AO7>0,2_Utilité!U7/2_Utilité!AO7,0) -> 0.0033153496 | V7: =IF(2_Utilité!AO7>0,2_Utilité!V7/2_Utilité!AO7,0) -> 0.0056111798 | W7: =IF(2_Utilité!AO7>0,2_Utilité!W7/2_Utilité!AO7,0) -> 0.00089910778 | X7: =IF(2_Utilité!AO7>0,2_Utilité!X7/2_Utilité!AO7,0) -> 0.0012137829 | Y7: =IF(2_Utilité!AO7>0,2_Utilité!Y7/2_Utilité!AO7,0) -> 0.00080770858 | Z7: =IF(2_Utilité!AO7>0,2_Utilité!Z7/2_Utilité!AO7,0) -> 0.0019662744 | AA7: =IF(2_Utilité!AO7>0,2_Utilité!AA7/2_Utilité!AO7,0) -> 0.0034379391 | AB7: =IF(2_Utilité!AO7>0,2_Utilité!AB7/2_Utilité!AO7,0) -> 0.0014459 | AC7: =IF(2_Utilité!AO7>0,2_Utilité!AC7/2_Utilité!AO7,0) -> 0 | AD7: =IF(2_Utilité!AO7>0,2_Utilité!AD7/2_Utilité!AO7,0) -> 0 | AE7: =IF(2_Utilité!AO7>0,2_Utilité!AE7/2_Utilité!AO7,0) -> 0 | AF7: =IF(2_Utilité!AO7>0,2_Utilité!AF7/2_Utilité!AO7,0) -> 0 | AG7: =IF(2_Utilité!AO7>0,2_Utilité!AG7/2_Utilité!AO7,0) -> 0.00077531337 | AH7: =IF(2_Utilité!AO7>0,2_Utilité!AH7/2_Utilité!AO7,0) -> 0.063276777 | AI7: =IF(2_Utilité!AO7>0,2_Utilité!AI7/2_Utilité!AO7,0) -> 0.0037190211 | AJ7: =IF(2_Utilité!AO7>0,2_Utilité!AJ7/2_Utilité!AO7,0) -> 0.0017044992 | AK7: =IF(2_Utilité!AO7>0,2_Utilité!AK7/2_Utilité!AO7,0) -> 0 | AL7: =IF(2_Utilité!AO7>0,2_Utilité!AL7/2_Utilité!AO7,0) -> 0 | AM7: =IF(2_Utilité!AO7>0,2_Utilité!AM7/2_Utilité!AO7,0) -> 0.045892478 | AN7: =IF(2_Utilité!AO7>0,2_Utilité!AN7/2_Utilité!AO7,0) -> 0 | AO7: =SUM(C7:AN7) -> 1 | AP7: =COUNTIF(Matrice_OD!$C7:$AN7,"<="&Param!$B$2) -> 31
A8: 05.091.03.01. | B8: Commune de Foum Oudi | C8: =IF(2_Utilité!AO8>0,2_Utilité!C8/2_Utilité!AO8,0) -> 0.014083355 | D8: =IF(2_Utilité!AO8>0,2_Utilité!D8/2_Utilité!AO8,0) -> 0.014550106 | E8: =IF(2_Utilité!AO8>0,2_Utilité!E8/2_Utilité!AO8,0) -> 0.15751681 | F8: =IF(2_Utilité!AO8>0,2_Utilité!F8/2_Utilité!AO8,0) -> 0.028328438 | G8: =IF(2_Utilité!AO8>0,2_Utilité!G8/2_Utilité!AO8,0) -> 0.079997208 | H8: =IF(2_Utilité!AO8>0,2_Utilité!H8/2_Utilité!AO8,0) -> 0.018032555 | I8: =IF(2_Utilité!AO8>0,2_Utilité!I8/2_Utilité!AO8,0) -> 0.041513842 | J8: =IF(2_Utilité!AO8>0,2_Utilité!J8/2_Utilité!AO8,0) -> 0.033018997 | K8: =IF(2_Utilité!AO8>0,2_Utilité!K8/2_Utilité!AO8,0) -> 0.020562528 | L8: =IF(2_Utilité!AO8>0,2_Utilité!L8/2_Utilité!AO8,0) -> 0.020531053 | M8: =IF(2_Utilité!AO8>0,2_Utilité!M8/2_Utilité!AO8,0) -> 0.10943586 | N8: =IF(2_Utilité!AO8>0,2_Utilité!N8/2_Utilité!AO8,0) -> 0.014963043 | O8: =IF(2_Utilité!AO8>0,2_Utilité!O8/2_Utilité!AO8,0) -> 0.047544414 | P8: =IF(2_Utilité!AO8>0,2_Utilité!P8/2_Utilité!AO8,0) -> 0.023052117 | Q8: =IF(2_Utilité!AO8>0,2_Utilité!Q8/2_Utilité!AO8,0) -> 0.2020272 | R8: =IF(2_Utilité!AO8>0,2_Utilité!R8/2_Utilité!AO8,0) -> 0.026871762 | S8: =IF(2_Utilité!AO8>0,2_Utilité!S8/2_Utilité!AO8,0) -> 0.020034783 | T8: =IF(2_Utilité!AO8>0,2_Utilité!T8/2_Utilité!AO8,0) -> 0.0078137286 | U8: =IF(2_Utilité!AO8>0,2_Utilité!U8/2_Utilité!AO8,0) -> 0.0036285847 | V8: =IF(2_Utilité!AO8>0,2_Utilité!V8/2_Utilité!AO8,0) -> 0.0048332901 | W8: =IF(2_Utilité!AO8>0,2_Utilité!W8/2_Utilité!AO8,0) -> 0.00077131142 | X8: =IF(2_Utilité!AO8>0,2_Utilité!X8/2_Utilité!AO8,0) -> 0.0010410435 | Y8: =IF(2_Utilité!AO8>0,2_Utilité!Y8/2_Utilité!AO8,0) -> 0.00069338093 | Z8: =IF(2_Utilité!AO8>0,2_Utilité!Z8/2_Utilité!AO8,0) -> 0.0016870386 | AA8: =IF(2_Utilité!AO8>0,2_Utilité!AA8/2_Utilité!AO8,0) -> 0.0029388895 | AB8: =IF(2_Utilité!AO8>0,2_Utilité!AB8/2_Utilité!AO8,0) -> 0.0012343352 | AC8: =IF(2_Utilité!AO8>0,2_Utilité!AC8/2_Utilité!AO8,0) -> 0 | AD8: =IF(2_Utilité!AO8>0,2_Utilité!AD8/2_Utilité!AO8,0) -> 0 | AE8: =IF(2_Utilité!AO8>0,2_Utilité!AE8/2_Utilité!AO8,0) -> 0 | AF8: =IF(2_Utilité!AO8>0,2_Utilité!AF8/2_Utilité!AO8,0) -> 0 | AG8: =IF(2_Utilité!AO8>0,2_Utilité!AG8/2_Utilité!AO8,0) -> 0.00033520285 | AH8: =IF(2_Utilité!AO8>0,2_Utilité!AH8/2_Utilité!AO8,0) -> 0.064979777 | AI8: =IF(2_Utilité!AO8>0,2_Utilité!AI8/2_Utilité!AO8,0) -> 0.0034102965 | AJ8: =IF(2_Utilité!AO8>0,2_Utilité!AJ8/2_Utilité!AO8,0) -> 0.0014609579 | AK8: =IF(2_Utilité!AO8>0,2_Utilité!AK8/2_Utilité!AO8,0) -> 0 | AL8: =IF(2_Utilité!AO8>0,2_Utilité!AL8/2_Utilité!AO8,0) -> 0 | AM8: =IF(2_Utilité!AO8>0,2_Utilité!AM8/2_Utilité!AO8,0) -> 0.033108091 | AN8: =IF(2_Utilité!AO8>0,2_Utilité!AN8/2_Utilité!AO8,0) -> 0 | AO8: =SUM(C8:AN8) -> 1 | AP8: =COUNTIF(Matrice_OD!$C8:$AN8,"<="&Param!$B$2) -> 31
A9: 05.091.03.07. | B9: Commune d'Ouled Yaich | C9: =IF(2_Utilité!AO9>0,2_Utilité!C9/2_Utilité!AO9,0) -> 0.0059060443 | D9: =IF(2_Utilité!AO9>0,2_Utilité!D9/2_Utilité!AO9,0) -> 0.012921923 | E9: =IF(2_Utilité!AO9>0,2_Utilité!E9/2_Utilité!AO9,0) -> 0.1443879 | F9: =IF(2_Utilité!AO9>0,2_Utilité!F9/2_Utilité!AO9,0) -> 0.026174747 | G9: =IF(2_Utilité!AO9>0,2_Utilité!G9/2_Utilité!AO9,0) -> 0.074128301 | H9: =IF(2_Utilité!AO9>0,2_Utilité!H9/2_Utilité!AO9,0) -> 0.017745575 | I9: =IF(2_Utilité!AO9>0,2_Utilité!I9/2_Utilité!AO9,0) -> 0.040777393 | J9: =IF(2_Utilité!AO9>0,2_Utilité!J9/2_Utilité!AO9,0) -> 0.0321507 | K9: =IF(2_Utilité!AO9>0,2_Utilité!K9/2_Utilité!AO9,0) -> 0.019784198 | L9: =IF(2_Utilité!AO9>0,2_Utilité!L9/2_Utilité!AO9,0) -> 0.02040116 | M9: =IF(2_Utilité!AO9>0,2_Utilité!M9/2_Utilité!AO9,0) -> 0.11142635 | N9: =IF(2_Utilité!AO9>0,2_Utilité!N9/2_Utilité!AO9,0) -> 0.014788657 | O9: =IF(2_Utilité!AO9>0,2_Utilité!O9/2_Utilité!AO9,0) -> 0.047222252 | P9: =IF(2_Utilité!AO9>0,2_Utilité!P9/2_Utilité!AO9,0) -> 0.0231119 | Q9: =IF(2_Utilité!AO9>0,2_Utilité!Q9/2_Utilité!AO9,0) -> 0.20434332 | R9: =IF(2_Utilité!AO9>0,2_Utilité!R9/2_Utilité!AO9,0) -> 0.027134968 | S9: =IF(2_Utilité!AO9>0,2_Utilité!S9/2_Utilité!AO9,0) -> 0.020102698 | T9: =IF(2_Utilité!AO9>0,2_Utilité!T9/2_Utilité!AO9,0) -> 0.0076974552 | U9: =IF(2_Utilité!AO9>0,2_Utilité!U9/2_Utilité!AO9,0) -> 0.01388125 | V9: =IF(2_Utilité!AO9>0,2_Utilité!V9/2_Utilité!AO9,0) -> 0.011220066 | W9: =IF(2_Utilité!AO9>0,2_Utilité!W9/2_Utilité!AO9,0) -> 0.0025054533 | X9: =IF(2_Utilité!AO9>0,2_Utilité!X9/2_Utilité!AO9,0) -> 0.0037939021 | Y9: =IF(2_Utilité!AO9>0,2_Utilité!Y9/2_Utilité!AO9,0) -> 0.0025273398 | Z9: =IF(2_Utilité!AO9>0,2_Utilité!Z9/2_Utilité!AO9,0) -> 0.0061798275 | AA9: =IF(2_Utilité!AO9>0,2_Utilité!AA9/2_Utilité!AO9,0) -> 0.012850185 | AB9: =IF(2_Utilité!AO9>0,2_Utilité!AB9/2_Utilité!AO9,0) -> 0.0063439479 | AC9: =IF(2_Utilité!AO9>0,2_Utilité!AC9/2_Utilité!AO9,0) -> 0 | AD9: =IF(2_Utilité!AO9>0,2_Utilité!AD9/2_Utilité!AO9,0) -> 0 | AE9: =IF(2_Utilité!AO9>0,2_Utilité!AE9/2_Utilité!AO9,0) -> 0 | AF9: =IF(2_Utilité!AO9>0,2_Utilité!AF9/2_Utilité!AO9,0) -> 0 | AG9: =IF(2_Utilité!AO9>0,2_Utilité!AG9/2_Utilité!AO9,0) -> 0 | AH9: =IF(2_Utilité!AO9>0,2_Utilité!AH9/2_Utilité!AO9,0) -> 0.068353929 | AI9: =IF(2_Utilité!AO9>0,2_Utilité!AI9/2_Utilité!AO9,0) -> 0.003359401 | AJ9: =IF(2_Utilité!AO9>0,2_Utilité!AJ9/2_Utilité!AO9,0) -> 0.00540145 | AK9: =IF(2_Utilité!AO9>0,2_Utilité!AK9/2_Utilité!AO9,0) -> 0 | AL9: =IF(2_Utilité!AO9>0,2_Utilité!AL9/2_Utilité!AO9,0) -> 0 | AM9: =IF(2_Utilité!AO9>0,2_Utilité!AM9/2_Utilité!AO9,0) -> 0.013377705 | AN9: =IF(2_Utilité!AO9>0,2_Utilité!AN9/2_Utilité!AO9,0) -> 0 | AO9: =SUM(C9:AN9) -> 1 | AP9: =COUNTIF(Matrice_OD!$C9:$AN9,"<="&Param!$B$2) -> 30
A10: 05.091.03.09. | B10: Commune de Sidi Jaber | C10: =IF(2_Utilité!AO10>0,2_Utilité!C10/2_Utilité!AO10,0) -> 0.010301901 | D10: =IF(2_Utilité!AO10>0,2_Utilité!D10/2_Utilité!AO10,0) -> 0.013532072 | E10: =IF(2_Utilité!AO10>0,2_Utilité!E10/2_Utilité!AO10,0) -> 0.14715935 | F10: =IF(2_Utilité!AO10>0,2_Utilité!F10/2_Utilité!AO10,0) -> 0.026625526 | G10: =IF(2_Utilité!AO10>0,2_Utilité!G10/2_Utilité!AO10,0) -> 0.074803403 | H10: =IF(2_Utilité!AO10>0,2_Utilité!H10/2_Utilité!AO10,0) -> 0.017794248 | I10: =IF(2_Utilité!AO10>0,2_Utilité!I10/2_Utilité!AO10,0) -> 0.040004959 | J10: =IF(2_Utilité!AO10>0,2_Utilité!J10/2_Utilité!AO10,0) -> 0.031743785 | K10: =IF(2_Utilité!AO10>0,2_Utilité!K10/2_Utilité!AO10,0) -> 0.019780354 | L10: =IF(2_Utilité!AO10>0,2_Utilité!L10/2_Utilité!AO10,0) -> 0.020008517 | M10: =IF(2_Utilité!AO10>0,2_Utilité!M10/2_Utilité!AO10,0) -> 0.1084221 | N10: =IF(2_Utilité!AO10>0,2_Utilité!N10/2_Utilité!AO10,0) -> 0.014650722 | O10: =IF(2_Utilité!AO10>0,2_Utilité!O10/2_Utilité!AO10,0) -> 0.046416002 | P10: =IF(2_Utilité!AO10>0,2_Utilité!P10/2_Utilité!AO10,0) -> 0.022509848 | Q10: =IF(2_Utilité!AO10>0,2_Utilité!Q10/2_Utilité!AO10,0) -> 0.19758269 | R10: =IF(2_Utilité!AO10>0,2_Utilité!R10/2_Utilité!AO10,0) -> 0.026289371 | S10: =IF(2_Utilité!AO10>0,2_Utilité!S10/2_Utilité!AO10,0) -> 0.019627214 | T10: =IF(2_Utilité!AO10>0,2_Utilité!T10/2_Utilité!AO10,0) -> 0.013980408 | U10: =IF(2_Utilité!AO10>0,2_Utilité!U10/2_Utilité!AO10,0) -> 0.0050557289 | V10: =IF(2_Utilité!AO10>0,2_Utilité!V10/2_Utilité!AO10,0) -> 0.015760747 | W10: =IF(2_Utilité!AO10>0,2_Utilité!W10/2_Utilité!AO10,0) -> 0.0026126167 | X10: =IF(2_Utilité!AO10>0,2_Utilité!X10/2_Utilité!AO10,0) -> 0.003533098 | Y10: =IF(2_Utilité!AO10>0,2_Utilité!Y10/2_Utilité!AO10,0) -> 0.0023518296 | Z10: =IF(2_Utilité!AO10>0,2_Utilité!Z10/2_Utilité!AO10,0) -> 0.0057514114 | AA10: =IF(2_Utilité!AO10>0,2_Utilité!AA10/2_Utilité!AO10,0) -> 0.010287842 | AB10: =IF(2_Utilité!AO10>0,2_Utilité!AB10/2_Utilité!AO10,0) -> 0.0043725687 | AC10: =IF(2_Utilité!AO10>0,2_Utilité!AC10/2_Utilité!AO10,0) -> 0 | AD10: =IF(2_Utilité!AO10>0,2_Utilité!AD10/2_Utilité!AO10,0) -> 0 | AE10: =IF(2_Utilité!AO10>0,2_Utilité!AE10/2_Utilité!AO10,0) -> 0 | AF10: =IF(2_Utilité!AO10>0,2_Utilité!AF10/2_Utilité!AO10,0) -> 0 | AG10: =IF(2_Utilité!AO10>0,2_Utilité!AG10/2_Utilité!AO10,0) -> 0 | AH10: =IF(2_Utilité!AO10>0,2_Utilité!AH10/2_Utilité!AO10,0) -> 0.063849454 | AI10: =IF(2_Utilité!AO10>0,2_Utilité!AI10/2_Utilité!AO10,0) -> 0.006204585 | AJ10: =IF(2_Utilité!AO10>0,2_Utilité!AJ10/2_Utilité!AO10,0) -> 0.0050281988 | AK10: =IF(2_Utilité!AO10>0,2_Utilité!AK10/2_Utilité!AO10,0) -> 0 | AL10: =IF(2_Utilité!AO10>0,2_Utilité!AL10/2_Utilité!AO10,0) -> 0 | AM10: =IF(2_Utilité!AO10>0,2_Utilité!AM10/2_Utilité!AO10,0) -> 0.023959451 | AN10: =IF(2_Utilité!AO10>0,2_Utilité!AN10/2_Utilité!AO10,0) -> 0 | AO10: =SUM(C10:AN10) -> 1 | AP10: =COUNTIF(Matrice_OD!$C10:$AN10,"<="&Param!$B$2) -> 30
A11: 05.091.03.11. | B11: Commune de Foum El Anceur | C11: =IF(2_Utilité!AO11>0,2_Utilité!C11/2_Utilité!AO11,0) -> 0.0033822039 | D11: =IF(2_Utilité!AO11>0,2_Utilité!D11/2_Utilité!AO11,0) -> 0.013337665 | E11: =IF(2_Utilité!AO11>0,2_Utilité!E11/2_Utilité!AO11,0) -> 0.14804808 | F11: =IF(2_Utilité!AO11>0,2_Utilité!F11/2_Utilité!AO11,0) -> 0.02749136 | G11: =IF(2_Utilité!AO11>0,2_Utilité!G11/2_Utilité!AO11,0) -> 0.082933967 | H11: =IF(2_Utilité!AO11>0,2_Utilité!H11/2_Utilité!AO11,0) -> 0.017869384 | I11: =IF(2_Utilité!AO11>0,2_Utilité!I11/2_Utilité!AO11,0) -> 0.044831552 | J11: =IF(2_Utilité!AO11>0,2_Utilité!J11/2_Utilité!AO11,0) -> 0.034919565 | K11: =IF(2_Utilité!AO11>0,2_Utilité!K11/2_Utilité!AO11,0) -> 0.021824728 | L11: =IF(2_Utilité!AO11>0,2_Utilité!L11/2_Utilité!AO11,0) -> 0.022996667 | M11: =IF(2_Utilité!AO11>0,2_Utilité!M11/2_Utilité!AO11,0) -> 0.10670132 | N11: =IF(2_Utilité!AO11>0,2_Utilité!N11/2_Utilité!AO11,0) -> 0.016004801 | O11: =IF(2_Utilité!AO11>0,2_Utilité!O11/2_Utilité!AO11,0) -> 0.052303478 | P11: =IF(2_Utilité!AO11>0,2_Utilité!P11/2_Utilité!AO11,0) -> 0.026062889 | Q11: =IF(2_Utilité!AO11>0,2_Utilité!Q11/2_Utilité!AO11,0) -> 0.23565799 | R11: =IF(2_Utilité!AO11>0,2_Utilité!R11/2_Utilité!AO11,0) -> 0.030662222 | S11: =IF(2_Utilité!AO11>0,2_Utilité!S11/2_Utilité!AO11,0) -> 0.022996667 | T11: =IF(2_Utilité!AO11>0,2_Utilité!T11/2_Utilité!AO11,0) -> 0.0027142149 | U11: =IF(2_Utilité!AO11>0,2_Utilité!U11/2_Utilité!AO11,0) -> 0.0012590795 | V11: =IF(2_Utilité!AO11>0,2_Utilité!V11/2_Utilité!AO11,0) -> 0 | W11: =IF(2_Utilité!AO11>0,2_Utilité!W11/2_Utilité!AO11,0) -> 0 | X11: =IF(2_Utilité!AO11>0,2_Utilité!X11/2_Utilité!AO11,0) -> 0 | Y11: =IF(2_Utilité!AO11>0,2_Utilité!Y11/2_Utilité!AO11,0) -> 0 | Z11: =IF(2_Utilité!AO11>0,2_Utilité!Z11/2_Utilité!AO11,0) -> 0 | AA11: =IF(2_Utilité!AO11>0,2_Utilité!AA11/2_Utilité!AO11,0) -> 0 | AB11: =IF(2_Utilité!AO11>0,2_Utilité!AB11/2_Utilité!AO11,0) -> 0 | AC11: =IF(2_Utilité!AO11>0,2_Utilité!AC11/2_Utilité!AO11,0) -> 0 | AD11: =IF(2_Utilité!AO11>0,2_Utilité!AD11/2_Utilité!AO11,0) -> 0 | AE11: =IF(2_Utilité!AO11>0,2_Utilité!AE11/2_Utilité!AO11,0) -> 0 | AF11: =IF(2_Utilité!AO11>0,2_Utilité!AF11/2_Utilité!AO11,0) -> 0 | AG11: =IF(2_Utilité!AO11>0,2_Utilité!AG11/2_Utilité!AO11,0) -> 0 | AH11: =IF(2_Utilité!AO11>0,2_Utilité!AH11/2_Utilité!AO11,0) -> 0.077679857 | AI11: =IF(2_Utilité!AO11>0,2_Utilité!AI11/2_Utilité!AO11,0) -> 0.0012440152 | AJ11: =IF(2_Utilité!AO11>0,2_Utilité!AJ11/2_Utilité!AO11,0) -> 0 | AK11: =IF(2_Utilité!AO11>0,2_Utilité!AK11/2_Utilité!AO11,0) -> 0 | AL11: =IF(2_Utilité!AO11>0,2_Utilité!AL11/2_Utilité!AO11,0) -> 0 | AM11: =IF(2_Utilité!AO11>0,2_Utilité!AM11/2_Utilité!AO11,0) -> 0.0090782888 | AN11: =IF(2_Utilité!AO11>0,2_Utilité!AN11/2_Utilité!AO11,0) -> 0 | AO11: =SUM(C11:AN11) -> 1 | AP11: =COUNTIF(Matrice_OD!$C11:$AN11,"<="&Param!$B$2) -> 22
A12: 05.091.07.11. | B12: Commune de Naour | C12: =IF(2_Utilité!AO12>0,2_Utilité!C12/2_Utilité!AO12,0) -> 0 | D12: =IF(2_Utilité!AO12>0,2_Utilité!D12/2_Utilité!AO12,0) -> 0 | E12: =IF(2_Utilité!AO12>0,2_Utilité!E12/2_Utilité!AO12,0) -> 0 | F12: =IF(2_Utilité!AO12>0,2_Utilité!F12/2_Utilité!AO12,0) -> 0 | G12: =IF(2_Utilité!AO12>0,2_Utilité!G12/2_Utilité!AO12,0) -> 0 | H12: =IF(2_Utilité!AO12>0,2_Utilité!H12/2_Utilité!AO12,0) -> 0 | I12: =IF(2_Utilité!AO12>0,2_Utilité!I12/2_Utilité!AO12,0) -> 0 | J12: =IF(2_Utilité!AO12>0,2_Utilité!J12/2_Utilité!AO12,0) -> 0 | K12: =IF(2_Utilité!AO12>0,2_Utilité!K12/2_Utilité!AO12,0) -> 0 | L12: =IF(2_Utilité!AO12>0,2_Utilité!L12/2_Utilité!AO12,0) -> 0 | M12: =IF(2_Utilité!AO12>0,2_Utilité!M12/2_Utilité!AO12,0) -> 0 | N12: =IF(2_Utilité!AO12>0,2_Utilité!N12/2_Utilité!AO12,0) -> 0 | O12: =IF(2_Utilité!AO12>0,2_Utilité!O12/2_Utilité!AO12,0) -> 0 | P12: =IF(2_Utilité!AO12>0,2_Utilité!P12/2_Utilité!AO12,0) -> 0 | Q12: =IF(2_Utilité!AO12>0,2_Utilité!Q12/2_Utilité!AO12,0) -> 0 | R12: =IF(2_Utilité!AO12>0,2_Utilité!R12/2_Utilité!AO12,0) -> 0 | S12: =IF(2_Utilité!AO12>0,2_Utilité!S12/2_Utilité!AO12,0) -> 0 | T12: =IF(2_Utilité!AO12>0,2_Utilité!T12/2_Utilité!AO12,0) -> 0 | U12: =IF(2_Utilité!AO12>0,2_Utilité!U12/2_Utilité!AO12,0) -> 0 | V12: =IF(2_Utilité!AO12>0,2_Utilité!V12/2_Utilité!AO12,0) -> 0 | W12: =IF(2_Utilité!AO12>0,2_Utilité!W12/2_Utilité!AO12,0) -> 0 | X12: =IF(2_Utilité!AO12>0,2_Utilité!X12/2_Utilité!AO12,0) -> 0 | Y12: =IF(2_Utilité!AO12>0,2_Utilité!Y12/2_Utilité!AO12,0) -> 0 | Z12: =IF(2_Utilité!AO12>0,2_Utilité!Z12/2_Utilité!AO12,0) -> 0 | AA12: =IF(2_Utilité!AO12>0,2_Utilité!AA12/2_Utilité!AO12,0) -> 0 | AB12: =IF(2_Utilité!AO12>0,2_Utilité!AB12/2_Utilité!AO12,0) -> 0 | AC12: =IF(2_Utilité!AO12>0,2_Utilité!AC12/2_Utilité!AO12,0) -> 0 | AD12: =IF(2_Utilité!AO12>0,2_Utilité!AD12/2_Utilité!AO12,0) -> 0 | AE12: =IF(2_Utilité!AO12>0,2_Utilité!AE12/2_Utilité!AO12,0) -> 0 | AF12: =IF(2_Utilité!AO12>0,2_Utilité!AF12/2_Utilité!AO12,0) -> 0 | AG12: =IF(2_Utilité!AO12>0,2_Utilité!AG12/2_Utilité!AO12,0) -> 0 | AH12: =IF(2_Utilité!AO12>0,2_Utilité!AH12/2_Utilité!AO12,0) -> 0 | AI12: =IF(2_Utilité!AO12>0,2_Utilité!AI12/2_Utilité!AO12,0) -> 0 | AJ12: =IF(2_Utilité!AO12>0,2_Utilité!AJ12/2_Utilité!AO12,0) -> 0 | AK12: =IF(2_Utilité!AO12>0,2_Utilité!AK12/2_Utilité!AO12,0) -> 0 | AL12: =IF(2_Utilité!AO12>0,2_Utilité!AL12/2_Utilité!AO12,0) -> 0 | AM12: =IF(2_Utilité!AO12>0,2_Utilité!AM12/2_Utilité!AO12,0) -> 0 | AN12: =IF(2_Utilité!AO12>0,2_Utilité!AN12/2_Utilité!AO12,0) -> 0 | AO12: =SUM(C12:AN12) -> 0 | AP12: =COUNTIF(Matrice_OD!$C12:$AN12,"<="&Param!$B$2) -> 0
A13: 05.091.07.07. | B13: Commune de Dir El Ksiba | C13: =IF(2_Utilité!AO13>0,2_Utilité!C13/2_Utilité!AO13,0) -> 0.0014853357 | D13: =IF(2_Utilité!AO13>0,2_Utilité!D13/2_Utilité!AO13,0) -> 0.012483233 | E13: =IF(2_Utilité!AO13>0,2_Utilité!E13/2_Utilité!AO13,0) -> 0.14126071 | F13: =IF(2_Utilité!AO13>0,2_Utilité!F13/2_Utilité!AO13,0) -> 0.025911054 | G13: =IF(2_Utilité!AO13>0,2_Utilité!G13/2_Utilité!AO13,0) -> 0.07244314 | H13: =IF(2_Utilité!AO13>0,2_Utilité!H13/2_Utilité!AO13,0) -> 0.019138319 | I13: =IF(2_Utilité!AO13>0,2_Utilité!I13/2_Utilité!AO13,0) -> 0.043604774 | J13: =IF(2_Utilité!AO13>0,2_Utilité!J13/2_Utilité!AO13,0) -> 0.033325013 | K13: =IF(2_Utilité!AO13>0,2_Utilité!K13/2_Utilité!AO13,0) -> 0.019886012 | L13: =IF(2_Utilité!AO13>0,2_Utilité!L13/2_Utilité!AO13,0) -> 0.0218303 | M13: =IF(2_Utilité!AO13>0,2_Utilité!M13/2_Utilité!AO13,0) -> 0.12569211 | N13: =IF(2_Utilité!AO13>0,2_Utilité!N13/2_Utilité!AO13,0) -> 0.015452852 | O13: =IF(2_Utilité!AO13>0,2_Utilité!O13/2_Utilité!AO13,0) -> 0.04967817 | P13: =IF(2_Utilité!AO13>0,2_Utilité!P13/2_Utilité!AO13,0) -> 0.024709372 | Q13: =IF(2_Utilité!AO13>0,2_Utilité!Q13/2_Utilité!AO13,0) -> 0.21956226 | R13: =IF(2_Utilité!AO13>0,2_Utilité!R13/2_Utilité!AO13,0) -> 0.028902798 | S13: =IF(2_Utilité!AO13>0,2_Utilité!S13/2_Utilité!AO13,0) -> 0.020868646 | T13: =IF(2_Utilité!AO13>0,2_Utilité!T13/2_Utilité!AO13,0) -> 0.0093337327 | U13: =IF(2_Utilité!AO13>0,2_Utilité!U13/2_Utilité!AO13,0) -> 0.014860126 | V13: =IF(2_Utilité!AO13>0,2_Utilité!V13/2_Utilité!AO13,0) -> 0 | W13: =IF(2_Utilité!AO13>0,2_Utilité!W13/2_Utilité!AO13,0) -> 0 | X13: =IF(2_Utilité!AO13>0,2_Utilité!X13/2_Utilité!AO13,0) -> 0 | Y13: =IF(2_Utilité!AO13>0,2_Utilité!Y13/2_Utilité!AO13,0) -> 0 | Z13: =IF(2_Utilité!AO13>0,2_Utilité!Z13/2_Utilité!AO13,0) -> 0 | AA13: =IF(2_Utilité!AO13>0,2_Utilité!AA13/2_Utilité!AO13,0) -> 0 | AB13: =IF(2_Utilité!AO13>0,2_Utilité!AB13/2_Utilité!AO13,0) -> 0 | AC13: =IF(2_Utilité!AO13>0,2_Utilité!AC13/2_Utilité!AO13,0) -> 0.00085246281 | AD13: =IF(2_Utilité!AO13>0,2_Utilité!AD13/2_Utilité!AO13,0) -> 0.0040928096 | AE13: =IF(2_Utilité!AO13>0,2_Utilité!AE13/2_Utilité!AO13,0) -> 0.002277607 | AF13: =IF(2_Utilité!AO13>0,2_Utilité!AF13/2_Utilité!AO13,0) -> 0.0015042803 | AG13: =IF(2_Utilité!AO13>0,2_Utilité!AG13/2_Utilité!AO13,0) -> 0 | AH13: =IF(2_Utilité!AO13>0,2_Utilité!AH13/2_Utilité!AO13,0) -> 0.075852761 | AI13: =IF(2_Utilité!AO13>0,2_Utilité!AI13/2_Utilité!AO13,0) -> 0.0039746383 | AJ13: =IF(2_Utilité!AO13>0,2_Utilité!AJ13/2_Utilité!AO13,0) -> 0 | AK13: =IF(2_Utilité!AO13>0,2_Utilité!AK13/2_Utilité!AO13,0) -> 0.0034678932 | AL13: =IF(2_Utilité!AO13>0,2_Utilité!AL13/2_Utilité!AO13,0) -> 0.0075495814 | AM13: =IF(2_Utilité!AO13>0,2_Utilité!AM13/2_Utilité!AO13,0) -> 0 | AN13: =IF(2_Utilité!AO13>0,2_Utilité!AN13/2_Utilité!AO13,0) -> 0 | AO13: =SUM(C13:AN13) -> 1 | AP13: =COUNTIF(Matrice_OD!$C13:$AN13,"<="&Param!$B$2) -> 27
... A136: 05.311.07.13. | B136: Commune d'Oulad Aissa | C136: =IF(2_Utilité!AO136>0,2_Utilité!C136/2_Utilité!AO136,0) -> 0 | D136: =IF(2_Utilité!AO136>0,2_Utilité!D136/2_Utilité!AO136,0) -> 0 | E136: =IF(2_Utilité!AO136>0,2_Utilité!E136/2_Utilité!AO136,0) -> 0 | F136: =IF(2_Utilité!AO136>0,2_Utilité!F136/2_Utilité!AO136,0) -> 0 | G136: =IF(2_Utilité!AO136>0,2_Utilité!G136/2_Utilité!AO136,0) -> 0 | H136: =IF(2_Utilité!AO136>0,2_Utilité!H136/2_Utilité!AO136,0) -> 0 | I136: =IF(2_Utilité!AO136>0,2_Utilité!I136/2_Utilité!AO136,0) -> 0 | J136: =IF(2_Utilité!AO136>0,2_Utilité!J136/2_Utilité!AO136,0) -> 0 | K136: =IF(2_Utilité!AO136>0,2_Utilité!K136/2_Utilité!AO136,0) -> 0 | L136: =IF(2_Utilité!AO136>0,2_Utilité!L136/2_Utilité!AO136,0) -> 0 | M136: =IF(2_Utilité!AO136>0,2_Utilité!M136/2_Utilité!AO136,0) -> 0 | N136: =IF(2_Utilité!AO136>0,2_Utilité!N136/2_Utilité!AO136,0) -> 0 | O136: =IF(2_Utilité!AO136>0,2_Utilité!O136/2_Utilité!AO136,0) -> 0 | P136: =IF(2_Utilité!AO136>0,2_Utilité!P136/2_Utilité!AO136,0) -> 0 | Q136: =IF(2_Utilité!AO136>0,2_Utilité!Q136/2_Utilité!AO136,0) -> 0 | R136: =IF(2_Utilité!AO136>0,2_Utilité!R136/2_Utilité!AO136,0) -> 0 | S136: =IF(2_Utilité!AO136>0,2_Utilité!S136/2_Utilité!AO136,0) -> 0 | T136: =IF(2_Utilité!AO136>0,2_Utilité!T136/2_Utilité!AO136,0) -> 0 | U136: =IF(2_Utilité!AO136>0,2_Utilité!U136/2_Utilité!AO136,0) -> 0.35188033 | V136: =IF(2_Utilité!AO136>0,2_Utilité!V136/2_Utilité!AO136,0) -> 0.14294047 | W136: =IF(2_Utilité!AO136>0,2_Utilité!W136/2_Utilité!AO136,0) -> 0.031335798 | X136: =IF(2_Utilité!AO136>0,2_Utilité!X136/2_Utilité!AO136,0) -> 0.048374388 | Y136: =IF(2_Utilité!AO136>0,2_Utilité!Y136/2_Utilité!AO136,0) -> 0.032191302 | Z136: =IF(2_Utilité!AO136>0,2_Utilité!Z136/2_Utilité!AO136,0) -> 0.078390604 | AA136: =IF(2_Utilité!AO136>0,2_Utilité!AA136/2_Utilité!AO136,0) -> 0.16433571 | AB136: =IF(2_Utilité!AO136>0,2_Utilité!AB136/2_Utilité!AO136,0) -> 0.082557498 | AC136: =IF(2_Utilité!AO136>0,2_Utilité!AC136/2_Utilité!AO136,0) -> 0 | AD136: =IF(2_Utilité!AO136>0,2_Utilité!AD136/2_Utilité!AO136,0) -> 0 | AE136: =IF(2_Utilité!AO136>0,2_Utilité!AE136/2_Utilité!AO136,0) -> 0 | AF136: =IF(2_Utilité!AO136>0,2_Utilité!AF136/2_Utilité!AO136,0) -> 0 | AG136: =IF(2_Utilité!AO136>0,2_Utilité!AG136/2_Utilité!AO136,0) -> 0 | AH136: =IF(2_Utilité!AO136>0,2_Utilité!AH136/2_Utilité!AO136,0) -> 0 | AI136: =IF(2_Utilité!AO136>0,2_Utilité!AI136/2_Utilité!AO136,0) -> 0 | AJ136: =IF(2_Utilité!AO136>0,2_Utilité!AJ136/2_Utilité!AO136,0) -> 0.067993911 | AK136: =IF(2_Utilité!AO136>0,2_Utilité!AK136/2_Utilité!AO136,0) -> 0 | AL136: =IF(2_Utilité!AO136>0,2_Utilité!AL136/2_Utilité!AO136,0) -> 0 | AM136: =IF(2_Utilité!AO136>0,2_Utilité!AM136/2_Utilité!AO136,0) -> 0 | AN136: =IF(2_Utilité!AO136>0,2_Utilité!AN136/2_Utilité!AO136,0) -> 0 | AO136: =SUM(C136:AN136) -> 1 | AP136: =COUNTIF(Matrice_OD!$C136:$AN136,"<="&Param!$B$2) -> 9
B138: Demande Effective | C138: =SUMPRODUCT((Matrice_OD!C$2:C$136<=Param!$B$2)*C$2:C$136*Demande!$C$2:$C$136) -> 37121.677 | D138: =SUMPRODUCT((Matrice_OD!D$2:D$136<=Param!$B$2)*D$2:D$136*Demande!$C$2:$C$136) -> 15787.277 | E138: =SUMPRODUCT((Matrice_OD!E$2:E$136<=Param!$B$2)*E$2:E$136*Demande!$C$2:$C$136) -> 169416.61 | F138: =SUMPRODUCT((Matrice_OD!F$2:F$136<=Param!$B$2)*F$2:F$136*Demande!$C$2:$C$136) -> 30761.871 | G138: =SUMPRODUCT((Matrice_OD!G$2:G$136<=Param!$B$2)*G$2:G$136*Demande!$C$2:$C$136) -> 86023.662 | H138: =SUMPRODUCT((Matrice_OD!H$2:H$136<=Param!$B$2)*H$2:H$136*Demande!$C$2:$C$136) -> 20326.923 | I138: =SUMPRODUCT((Matrice_OD!I$2:I$136<=Param!$B$2)*I$2:I$136*Demande!$C$2:$C$136) -> 46078.444 | J138: =SUMPRODUCT((Matrice_OD!J$2:J$136<=Param!$B$2)*J$2:J$136*Demande!$C$2:$C$136) -> 35985.985 | ... AN138: =SUMPRODUCT((Matrice_OD!AN$2:AN$136<=Param!$B$2)*AN$2:AN$136*Demande!$C$2:$C$136) -> 217342.94 | AO138: — | AP138: —
B139: Rj = (λ×Sj) / Dem.Eff. | C139: =IF(C138>0,Offre!$F$2/C138,0) -> 0.00038791351 | D139: =IF(D138>0,Offre!$F$3/D138,0) -> 0.00057007929 | E139: =IF(E138>0,Offre!$F$4/E138,0) -> 0.00058967064 | F139: =IF(F138>0,Offre!$F$5/F138,0) -> 0.00058513996 | G139: =IF(G138>0,Offre!$F$6/G138,0) -> 0.00059634755 | H139: =IF(H138>0,Offre!$F$7/H138,0) -> 0.00057559129 | I139: =IF(I138>0,Offre!$F$8/I138,0) -> 0.00058595729 | J139: =IF(J138>0,Offre!$F$9/J138,0) -> 0.00060023368 | K139: =IF(K138>0,Offre!$F$10/K138,0) -> 0.00061000909 | L139: =IF(L138>0,Offre!$F$11/L138,0) -> 0.00058920001 | M139: =IF(M138>0,Offre!$F$12/M138,0) -> 0.00057626387 | N139: =IF(N138>0,Offre!$F$13/N138,0) -> 0.00060215156 | O139: =IF(O138>0,Offre!$F$14/O138,0) -> 0.00059949427 | P139: =IF(P138>0,Offre!$F$15/P138,0) -> 0.00059638102 | Q139: =IF(Q138>0,Offre!$F$16/Q138,0) -> 0.00059863613 | R139: =IF(R138>0,Offre!$F$17/R138,0) -> 0.00060395154 | S139: =IF(S138>0,Offre!$F$18/S138,0) -> 0.00061356075 | T139: =IF(T138>0,Offre!$F$19/T138,0) -> 0.00049403123 | U139: =IF(U138>0,Offre!$F$20/U138,0) -> 0.00038726652 | V139: =IF(V138>0,Offre!$F$21/V138,0) -> 0.00080548774 | W139: =IF(W138>0,Offre!$F$22/W138,0) -> 0.00081868243 | X139: =IF(X138>0,Offre!$F$23/X138,0) -> 0.00079914124 | Y139: =IF(Y138>0,Offre!$F$24/Y138,0) -> 0.00080226846 | Z139: =IF(Z138>0,Offre!$F$25/Z138,0) -> 0.00081182271 | AA139: =IF(AA138>0,Offre!$F$26/AA138,0) -> 0.00081305468 | AB139: =IF(AB138>0,Offre!$F$27/AB138,0) -> 0.00081171478 | AC139: =IF(AC138>0,Offre!$F$28/AC138,0) -> 0.00027692854 | AD139: =IF(AD138>0,Offre!$F$29/AD138,0) -> 0.00027691646 | AE139: =IF(AE138>0,Offre!$F$30/AE138,0) -> 0.00027920938 | AF139: =IF(AF138>0,Offre!$F$31/AF138,0) -> 0.00028193394 | AG139: =IF(AG138>0,Offre!$F$32/AG138,0) -> 0.00010766894 | AH139: =IF(AH138>0,Offre!$F$33/AH138,0) -> 0.00060634196 | AI139: =IF(AI138>0,Offre!$F$34/AI138,0) -> 0.00050070739 | AJ139: =IF(AJ138>0,Offre!$F$35/AJ138,0) -> 0.00081649487 | AK139: =IF(AK138>0,Offre!$F$36/AK138,0) -> 0.00030269077 | AL139: =IF(AL138>0,Offre!$F$37/AL138,0) -> 0.00028304453 | AM139: =IF(AM138>0,Offre!$F$38/AM138,0) -> 0.0004130273 | AN139: =IF(AN138>0,Offre!$F$39/AN138,0) -> 0.00016563685 | AO139: — | AP139: —
A141: FEUILLE 3_HUFF — Étapes 1b & 2 : Probabilité de Huff + Ratio offre/demande Rj
A142: Étape 1b : Huffij = Uij / Σk Uik | Étape 2 : Rj = (λj×Sj) / Σi(Huffij × Pi) [pour dij ≤ dmax]
A143: ═══ ÉTAPE 1b — Probabilité de Huff (lignes 2 à 136) ═══
A144: • Huffij = Uij / Somme_ligne_i → formule : =IF('2_Utilité'!{scol}{r}>0, '2_Utilité'!{c}{r}/'2_Utilité'!{scol}{r}, 0)
A145: • Propriété fondamentale : Σj Huffij = 1 pour toute commune i ayant ≥1 établissement accessible.
A146: Vérification dans la colonne 'Σ Huff' (dernière) : toutes les valeurs doivent être 1 ou 0.
A147: • Interprétation : Huffij est la FRACTION de la demande de i qui se dirige vers j.
A148: Ex : Huff=0,30 signifie que 30% des patients de i sont orientés vers j compte tenu des alternatives.
A149: Référence : Jörg et al. (2019, p. 32) ; Huff (1964, p. 35).
A151: ═══ DEMANDE EFFECTIVE (ligne 138) ═══
A152: • Dem.Eff_j = Σi (Huffij × Pi) pour dij ≤ dmax → formule SUMPRODUCT avec test dij ≤ dmax.
A153: C'est la 'demande réelle ajustée' qui pèse sur l'établissement j, en tenant compte de la concurrence.
... A159: Référence : Subal et al. (2021, p. 7) — formule corrigée pour cohérence avec λ (PFE, Chapitre 3).

Sheet 4_SPAI
A1: Code géo. | B1: Commune | C1: Population | D1: DAR ESSALAM - Fkih Ben Saleh | E1: NOUR - Beni Mellal | F1: HÃ´pital PrivÃ© Al-Farabi - Beni Mellal | G1: BEN ASSOU - Beni Mellal | H1: JABRANE - Beni Mellal | I1: BOUHOU - Beni Mellal | J1: BENI MELLAL - Beni Mellal | K1: MALAK - Beni Mellal | L1: ERRAZI - Beni Mellal | M1: AL CHIFA - Beni Mellal | N1: Clinique International Beni Mellal - Beni Mellal | O1: AL ADDARISSA - Beni Mellal | P1: ATLAS - Beni Mellal | Q1: ASSALAM - Beni Mellal | R1: HÃ´pital PrivÃ© de Beni Mellal (Akdital) - Beni Mellal | S1: AMAL - Beni Mellal | T1: IBN SINA - Beni Mellal | U1: LES OLIVIERS YASMINE - Fkih Ben Saleh | V1: Le Lac - Khouribga | W1: Clinique multidisciplinaire-OCP - Khouribga | X1: MARJANE - Khouribga | Y1: CHIFA - Khouribga | Z1: DAKHLA - Khouribga | AA1: MOULAY YOUSSEF - Khouribga | AB1: Akdital - Khouribga | AC1: Al Ikhwa - Khouribga | AD1: M. D'ACCOUCHEMENT - Khenifra | AE1: EL AMAL - Khenifra | AF1: ACHIFFA (KARRAOUA) - Khenifra | AG1: LE CEDRE - Khenifra | AH1: Hôpital Provincial d'Azilal | AI1: Hôpital Régional de Béni Mellal | AJ1: Hôpital Provincial de Fkih Ben Saleh | AK1: Hôpital Hassan II (CHP) | AL1: Hôpital Provincial de Khénifra | AM1: CLINIQUE PRIVÉE - Khénifra (Simulation) | AN1: CLINIQUE PRIVÉE - Souk Sebt (Simulation) | AO1: CLINIQUE PRIVÉE - Demnate (Simulation) | AP1: SPAI | AQ1: SPAI×1000 | AR1: Rang | AS1: N étab. accessibles
A2: 05.091.01.01. | B2: Commune de Béni Mellal | C2: =Demande!C2 -> 209594 | D2: =IF(Matrice_OD!C2<=Param!$B$2,3_Huff!C2*3_Huff!C$139*1_Friction!C2,0) -> 1.9618435e-06 | E2: =IF(Matrice_OD!D2<=Param!$B$2,3_Huff!D2*3_Huff!D$139*1_Friction!D2,0) -> 7.6178789e-06 | F2: =IF(Matrice_OD!E2<=Param!$B$2,3_Huff!E2*3_Huff!E$139*1_Friction!E2,0) -> 8.775068e-05 | G2: =IF(Matrice_OD!F2<=Param!$B$2,3_Huff!F2*3_Huff!F$139*1_Friction!F2,0) -> 1.5866823e-05 | H2: =IF(Matrice_OD!G2<=Param!$B$2,3_Huff!G2*3_Huff!G$139*1_Friction!G2,0) -> 4.6261268e-05 | I2: =IF(Matrice_OD!H2<=Param!$B$2,3_Huff!H2*3_Huff!H$139*1_Friction!H2,0) -> 1.0148476e-05 | J2: =IF(Matrice_OD!I2<=Param!$B$2,3_Huff!I2*3_Huff!I$139*1_Friction!I2,0) -> 2.4037318e-05 | K2: =IF(Matrice_OD!J2<=Param!$B$2,3_Huff!J2*3_Huff!J$139*1_Friction!J2,0) -> 1.9610944e-05 | ... AO2: =IF(Matrice_OD!AN2<=Param!$B$2,3_Huff!AN2*3_Huff!AN$139*1_Friction!AN2,0) -> 0 | AP2: =SUM(D2:AO2) -> 0.00055313341 | AQ2: =AP2*1000 -> 0.55313341 | AR2: =RANK(AP2,AP$2:AP$136,0) -> 8 | AS2: =COUNTIF(Matrice_OD!$C2:$AN2,"<="&Param!$B$2) -> 30
A3: 05.091.01.07. | B3: Commune de Kasba Tadla | C3: =Demande!C3 -> 48172 | D3: =IF(Matrice_OD!C3<=Param!$B$2,3_Huff!C3*3_Huff!C$139*1_Friction!C3,0) -> 6.4465367e-08 | E3: =IF(Matrice_OD!D3<=Param!$B$2,3_Huff!D3*3_Huff!D$139*1_Friction!D3,0) -> 2.6571975e-06 | F3: =IF(Matrice_OD!E3<=Param!$B$2,3_Huff!E3*3_Huff!E$139*1_Friction!E3,0) -> 3.1323115e-05 | G3: =IF(Matrice_OD!F3<=Param!$B$2,3_Huff!F3*3_Huff!F$139*1_Friction!F3,0) -> 5.7385506e-06 | H3: =IF(Matrice_OD!G3<=Param!$B$2,3_Huff!G3*3_Huff!G$139*1_Friction!G3,0) -> 1.6252251e-05 | I3: =IF(Matrice_OD!H3<=Param!$B$2,3_Huff!H3*3_Huff!H$139*1_Friction!H3,0) -> 4.3647231e-06 | J3: =IF(Matrice_OD!I3<=Param!$B$2,3_Huff!I3*3_Huff!I$139*1_Friction!I3,0) -> 1.0079694e-05 | K3: =IF(Matrice_OD!J3<=Param!$B$2,3_Huff!J3*3_Huff!J$139*1_Friction!J3,0) -> 7.7671941e-06 | ... AO3: =IF(Matrice_OD!AN3<=Param!$B$2,3_Huff!AN3*3_Huff!AN$139*1_Friction!AN3,0) -> 0 | AP3: =SUM(D3:AO3) -> 0.00023344905 | AQ3: =AP3*1000 -> 0.23344905 | AR3: =RANK(AP3,AP$2:AP$136,0) -> 39 | AS3: =COUNTIF(Matrice_OD!$C3:$AN3,"<="&Param!$B$2) -> 30
A4: 05.091.01.13. | B4: Commune de Zaouiat Cheikh | C4: =Demande!C4 -> 25088 | D4: =IF(Matrice_OD!C4<=Param!$B$2,3_Huff!C4*3_Huff!C$139*1_Friction!C4,0) -> 0 | E4: =IF(Matrice_OD!D4<=Param!$B$2,3_Huff!D4*3_Huff!D$139*1_Friction!D4,0) -> 5.9113755e-07 | F4: =IF(Matrice_OD!E4<=Param!$B$2,3_Huff!E4*3_Huff!E$139*1_Friction!E4,0) -> 7.069027e-06 | G4: =IF(Matrice_OD!F4<=Param!$B$2,3_Huff!F4*3_Huff!F$139*1_Friction!F4,0) -> 1.3161741e-06 | H4: =IF(Matrice_OD!G4<=Param!$B$2,3_Huff!G4*3_Huff!G$139*1_Friction!G4,0) -> 3.6658237e-06 | I4: =IF(Matrice_OD!H4<=Param!$B$2,3_Huff!H4*3_Huff!H$139*1_Friction!H4,0) -> 1.1135144e-06 | J4: =IF(Matrice_OD!I4<=Param!$B$2,3_Huff!I4*3_Huff!I$139*1_Friction!I4,0) -> 2.5436282e-06 | K4: =IF(Matrice_OD!J4<=Param!$B$2,3_Huff!J4*3_Huff!J$139*1_Friction!J4,0) -> 1.8856838e-06 | ... AO4: =IF(Matrice_OD!AN4<=Param!$B$2,3_Huff!AN4*3_Huff!AN$139*1_Friction!AN4,0) -> 0 | AP4: =SUM(D4:AO4) -> 6.0504808e-05 | AQ4: =AP4*1000 -> 0.060504808 | AR4: =RANK(AP4,AP$2:AP$136,0) -> 87 | AS4: =COUNTIF(Matrice_OD!$C4:$AN4,"<="&Param!$B$2) -> 26
A5: 05.091.01.03. | B5: Commune d'El Ksiba | C5: =Demande!C5 -> 19964 | D5: =IF(Matrice_OD!C5<=Param!$B$2,3_Huff!C5*3_Huff!C$139*1_Friction!C5,0) -> 5.831003e-09 | E5: =IF(Matrice_OD!D5<=Param!$B$2,3_Huff!D5*3_Huff!D$139*1_Friction!D5,0) -> 9.835039e-07 | F5: =IF(Matrice_OD!E5<=Param!$B$2,3_Huff!E5*3_Huff!E$139*1_Friction!E5,0) -> 1.1737591e-05 | G5: =IF(Matrice_OD!F5<=Param!$B$2,3_Huff!F5*3_Huff!F$139*1_Friction!F5,0) -> 2.1752454e-06 | H5: =IF(Matrice_OD!G5<=Param!$B$2,3_Huff!G5*3_Huff!G$139*1_Friction!G5,0) -> 6.0875518e-06 | I5: =IF(Matrice_OD!H5<=Param!$B$2,3_Huff!H5*3_Huff!H$139*1_Friction!H5,0) -> 1.7999926e-06 | J5: =IF(Matrice_OD!I5<=Param!$B$2,3_Huff!I5*3_Huff!I$139*1_Friction!I5,0) -> 4.1162876e-06 | K5: =IF(Matrice_OD!J5<=Param!$B$2,3_Huff!J5*3_Huff!J$139*1_Friction!J5,0) -> 3.0814371e-06 | ... AO5: =IF(Matrice_OD!AN5<=Param!$B$2,3_Huff!AN5*3_Huff!AN$139*1_Friction!AN5,0) -> 0 | AP5: =SUM(D5:AO5) -> 9.011642e-05 | AQ5: =AP5*1000 -> 0.09011642 | AR5: =RANK(AP5,AP$2:AP$136,0) -> 74 | AS5: =COUNTIF(Matrice_OD!$C5:$AN5,"<="&Param!$B$2) -> 28
A6: 05.091.03.03. | B6: Commune d'Ouled Gnaou | C6: =Demande!C6 -> 13366 | D6: =IF(Matrice_OD!C6<=Param!$B$2,3_Huff!C6*3_Huff!C$139*1_Friction!C6,0) -> 4.6893871e-06 | E6: =IF(Matrice_OD!D6<=Param!$B$2,3_Huff!D6*3_Huff!D$139*1_Friction!D6,0) -> 5.9804844e-06 | F6: =IF(Matrice_OD!E6<=Param!$B$2,3_Huff!E6*3_Huff!E$139*1_Friction!E6,0) -> 6.3909755e-05 | G6: =IF(Matrice_OD!F6<=Param!$B$2,3_Huff!F6*3_Huff!F$139*1_Friction!F6,0) -> 1.1590062e-05 | H6: =IF(Matrice_OD!G6<=Param!$B$2,3_Huff!G6*3_Huff!G$139*1_Friction!G6,0) -> 3.2071311e-05 | I6: =IF(Matrice_OD!H6<=Param!$B$2,3_Huff!H6*3_Huff!H$139*1_Friction!H6,0) -> 8.1815706e-06 | J6: =IF(Matrice_OD!I6<=Param!$B$2,3_Huff!I6*3_Huff!I$139*1_Friction!I6,0) -> 1.750946e-05 | K6: =IF(Matrice_OD!J6<=Param!$B$2,3_Huff!J6*3_Huff!J$139*1_Friction!J6,0) -> 1.3954433e-05 | ... AO6: =IF(Matrice_OD!AN6<=Param!$B$2,3_Huff!AN6*3_Huff!AN$139*1_Friction!AN6,0) -> 0 | AP6: =SUM(D6:AO6) -> 0.00040923279 | AQ6: =AP6*1000 -> 0.40923279 | AR6: =RANK(AP6,AP$2:AP$136,0) -> 17 | AS6: =COUNTIF(Matrice_OD!$C6:$AN6,"<="&Param!$B$2) -> 31
A7: 05.091.03.05. | B7: Commune d'Ouled M'barek | C7: =Demande!C7 -> 21636 | D7: =IF(Matrice_OD!C7<=Param!$B$2,3_Huff!C7*3_Huff!C$139*1_Friction!C7,0) -> 5.531307e-06 | E7: =IF(Matrice_OD!D7<=Param!$B$2,3_Huff!D7*3_Huff!D$139*1_Friction!D7,0) -> 7.2194727e-06 | F7: =IF(Matrice_OD!E7<=Param!$B$2,3_Huff!E7*3_Huff!E$139*1_Friction!E7,0) -> 7.8510792e-05 | G7: =IF(Matrice_OD!F7<=Param!$B$2,3_Huff!F7*3_Huff!F$139*1_Friction!F7,0) -> 1.3980854e-05 | H7: =IF(Matrice_OD!G7<=Param!$B$2,3_Huff!G7*3_Huff!G$139*1_Friction!G7,0) -> 3.9811152e-05 | I7: =IF(Matrice_OD!H7<=Param!$B$2,3_Huff!H7*3_Huff!H$139*1_Friction!H7,0) -> 8.5456589e-06 | J7: =IF(Matrice_OD!I7<=Param!$B$2,3_Huff!I7*3_Huff!I$139*1_Friction!I7,0) -> 1.9972693e-05 | K7: =IF(Matrice_OD!J7<=Param!$B$2,3_Huff!J7*3_Huff!J$139*1_Friction!J7,0) -> 1.6164994e-05 | ... AO7: =IF(Matrice_OD!AN7<=Param!$B$2,3_Huff!AN7*3_Huff!AN$139*1_Friction!AN7,0) -> 0 | AP7: =SUM(D7:AO7) -> 0.00046739776 | AQ7: =AP7*1000 -> 0.46739776 | AR7: =RANK(AP7,AP$2:AP$136,0) -> 12 | AS7: =COUNTIF(Matrice_OD!$C7:$AN7,"<="&Param!$B$2) -> 31
A8: 05.091.03.01. | B8: Commune de Foum Oudi | C8: =Demande!C8 -> 16256 | D8: =IF(Matrice_OD!C8<=Param!$B$2,3_Huff!C8*3_Huff!C$139*1_Friction!C8,0) -> 2.9878104e-06 | E8: =IF(Matrice_OD!D8<=Param!$B$2,3_Huff!D8*3_Huff!D$139*1_Friction!D8,0) -> 7.4988284e-06 | F8: =IF(Matrice_OD!E8<=Param!$B$2,3_Huff!E8*3_Huff!E$139*1_Friction!E8,0) -> 8.1896659e-05 | G8: =IF(Matrice_OD!F8<=Param!$B$2,3_Huff!F8*3_Huff!F$139*1_Friction!F8,0) -> 1.4588172e-05 | H8: =IF(Matrice_OD!G8<=Param!$B$2,3_Huff!G8*3_Huff!G$139*1_Friction!G8,0) -> 4.1600648e-05 | I8: =IF(Matrice_OD!H8<=Param!$B$2,3_Huff!H8*3_Huff!H$139*1_Friction!H8,0) -> 8.9456369e-06 | J8: =IF(Matrice_OD!I8<=Param!$B$2,3_Huff!I8*3_Huff!I$139*1_Friction!I8,0) -> 2.091493e-05 | K8: =IF(Matrice_OD!J8<=Param!$B$2,3_Huff!J8*3_Huff!J$139*1_Friction!J8,0) -> 1.6941924e-05 | ... AO8: =IF(Matrice_OD!AN8<=Param!$B$2,3_Huff!AN8*3_Huff!AN$139*1_Friction!AN8,0) -> 0 | AP8: =SUM(D8:AO8) -> 0.00047941352 | AQ8: =AP8*1000 -> 0.47941352 | AR8: =RANK(AP8,AP$2:AP$136,0) -> 11 | AS8: =COUNTIF(Matrice_OD!$C8:$AN8,"<="&Param!$B$2) -> 31
A9: 05.091.03.07. | B9: Commune d'Ouled Yaich | C9: =Demande!C9 -> 25785 | D9: =IF(Matrice_OD!C9<=Param!$B$2,3_Huff!C9*3_Huff!C$139*1_Friction!C9,0) -> 5.1824025e-07 | E9: =IF(Matrice_OD!D9<=Param!$B$2,3_Huff!D9*3_Huff!D$139*1_Friction!D9,0) -> 5.8332744e-06 | F9: =IF(Matrice_OD!E9<=Param!$B$2,3_Huff!E9*3_Huff!E$139*1_Friction!E9,0) -> 6.7868923e-05 | G9: =IF(Matrice_OD!F9<=Param!$B$2,3_Huff!F9*3_Huff!F$139*1_Friction!F9,0) -> 1.2283371e-05 | H9: =IF(Matrice_OD!G9<=Param!$B$2,3_Huff!G9*3_Huff!G$139*1_Friction!G9,0) -> 3.523023e-05 | I9: =IF(Matrice_OD!H9<=Param!$B$2,3_Huff!H9*3_Huff!H$139*1_Friction!H9,0) -> 8.5442475e-06 | J9: =IF(Matrice_OD!I9<=Param!$B$2,3_Huff!I9*3_Huff!I$139*1_Friction!I9,0) -> 1.9902445e-05 | K9: =IF(Matrice_OD!J9<=Param!$B$2,3_Huff!J9*3_Huff!J$139*1_Friction!J9,0) -> 1.5842101e-05 | ... AO9: =IF(Matrice_OD!AN9<=Param!$B$2,3_Huff!AN9*3_Huff!AN$139*1_Friction!AN9,0) -> 0 | AP9: =SUM(D9:AO9) -> 0.00045135385 | AQ9: =AP9*1000 -> 0.45135385 | AR9: =RANK(AP9,AP$2:AP$136,0) -> 13 | AS9: =COUNTIF(Matrice_OD!$C9:$AN9,"<="&Param!$B$2) -> 30
A10: 05.091.03.09. | B10: Commune de Sidi Jaber | C10: =Demande!C10 -> 20455 | D10: =IF(Matrice_OD!C10<=Param!$B$2,3_Huff!C10*3_Huff!C$139*1_Friction!C10,0) -> 1.7454677e-06 | E10: =IF(Matrice_OD!D10<=Param!$B$2,3_Huff!D10*3_Huff!D$139*1_Friction!D10,0) -> 7.0815123e-06 | F10: =IF(Matrice_OD!E10<=Param!$B$2,3_Huff!E10*3_Huff!E$139*1_Friction!E10,0) -> 7.8041277e-05 | G10: =IF(Matrice_OD!F10<=Param!$B$2,3_Huff!F10*3_Huff!F$139*1_Friction!F10,0) -> 1.4069812e-05 | H10: =IF(Matrice_OD!G10<=Param!$B$2,3_Huff!G10*3_Huff!G$139*1_Friction!G10,0) -> 3.9712702e-05 | I10: =IF(Matrice_OD!H10<=Param!$B$2,3_Huff!H10*3_Huff!H$139*1_Friction!H10,0) -> 9.5102573e-06 | J10: =IF(Matrice_OD!I10<=Param!$B$2,3_Huff!I10*3_Huff!I$139*1_Friction!I10,0) -> 2.1204816e-05 | K10: =IF(Matrice_OD!J10<=Param!$B$2,3_Huff!J10*3_Huff!J$139*1_Friction!J10,0) -> 1.709577e-05 | ... AO10: =IF(Matrice_OD!AN10<=Param!$B$2,3_Huff!AN10*3_Huff!AN$139*1_Friction!AN10,0) -> 0 | AP10: =SUM(D10:AO10) -> 0.00049027228 | AQ10: =AP10*1000 -> 0.49027228 | AR10: =RANK(AP10,AP$2:AP$136,0) -> 10 | AS10: =COUNTIF(Matrice_OD!$C10:$AN10,"<="&Param!$B$2) -> 30
A11: 05.091.03.11. | B11: Commune de Foum El Anceur | C11: =Demande!C11 -> 24232 | D11: =IF(Matrice_OD!C11<=Param!$B$2,3_Huff!C11*3_Huff!C$139*1_Friction!C11,0) -> 1.3738354e-07 | E11: =IF(Matrice_OD!D11<=Param!$B$2,3_Huff!D11*3_Huff!D$139*1_Friction!D11,0) -> 5.0236003e-06 | F11: =IF(Matrice_OD!E11<=Param!$B$2,3_Huff!E11*3_Huff!E$139*1_Friction!E11,0) -> 5.7678278e-05 | G11: =IF(Matrice_OD!F11<=Param!$B$2,3_Huff!F11*3_Huff!F$139*1_Friction!F11,0) -> 1.0953235e-05 | H11: =IF(Matrice_OD!G11<=Param!$B$2,3_Huff!G11*3_Huff!G$139*1_Friction!G11,0) -> 3.5645906e-05 | I11: =IF(Matrice_OD!H11<=Param!$B$2,3_Huff!H11*3_Huff!H$139*1_Friction!H11,0) -> 7.0034207e-06 | J11: =IF(Matrice_OD!I11<=Param!$B$2,3_Huff!I11*3_Huff!I$139*1_Friction!I11,0) -> 1.9446097e-05 | K11: =IF(Matrice_OD!J11<=Param!$B$2,3_Huff!J11*3_Huff!J$139*1_Friction!J11,0) -> 1.5106608e-05 | ... AO11: =IF(Matrice_OD!AN11<=Param!$B$2,3_Huff!AN11*3_Huff!AN$139*1_Friction!AN11,0) -> 0 | AP11: =SUM(D11:AO11) -> 0.00042528762 | AQ11: =AP11*1000 -> 0.42528762 | AR11: =RANK(AP11,AP$2:AP$136,0) -> 14 | AS11: =COUNTIF(Matrice_OD!$C11:$AN11,"<="&Param!$B$2) -> 22
A12: 05.091.07.11. | B12: Commune de Naour | C12: =Demande!C12 -> 5389 | D12: =IF(Matrice_OD!C12<=Param!$B$2,3_Huff!C12*3_Huff!C$139*1_Friction!C12,0) -> 0 | E12: =IF(Matrice_OD!D12<=Param!$B$2,3_Huff!D12*3_Huff!D$139*1_Friction!D12,0) -> 0 | F12: =IF(Matrice_OD!E12<=Param!$B$2,3_Huff!E12*3_Huff!E$139*1_Friction!E12,0) -> 0 | G12: =IF(Matrice_OD!F12<=Param!$B$2,3_Huff!F12*3_Huff!F$139*1_Friction!F12,0) -> 0 | H12: =IF(Matrice_OD!G12<=Param!$B$2,3_Huff!G12*3_Huff!G$139*1_Friction!G12,0) -> 0 | I12: =IF(Matrice_OD!H12<=Param!$B$2,3_Huff!H12*3_Huff!H$139*1_Friction!H12,0) -> 0 | J12: =IF(Matrice_OD!I12<=Param!$B$2,3_Huff!I12*3_Huff!I$139*1_Friction!I12,0) -> 0 | K12: =IF(Matrice_OD!J12<=Param!$B$2,3_Huff!J12*3_Huff!J$139*1_Friction!J12,0) -> 0 | ... AO12: =IF(Matrice_OD!AN12<=Param!$B$2,3_Huff!AN12*3_Huff!AN$139*1_Friction!AN12,0) -> 0 | AP12: =SUM(D12:AO12) -> 0 | AQ12: =AP12*1000 -> 0 | AR12: =RANK(AP12,AP$2:AP$136,0) -> 123 | AS12: =COUNTIF(Matrice_OD!$C12:$AN12,"<="&Param!$B$2) -> 0
A13: 05.091.07.07. | B13: Commune de Dir El Ksiba | C13: =Demande!C13 -> 25851 | D13: =IF(Matrice_OD!C13<=Param!$B$2,3_Huff!C13*3_Huff!C$139*1_Friction!C13,0) -> 6.0819903e-09 | E13: =IF(Matrice_OD!D13<=Param!$B$2,3_Huff!D13*3_Huff!D$139*1_Friction!D13,0) -> 1.0101154e-06 | F13: =IF(Matrice_OD!E13<=Param!$B$2,3_Huff!E13*3_Huff!E$139*1_Friction!E13,0) -> 1.2053436e-05 | G13: =IF(Matrice_OD!F13<=Param!$B$2,3_Huff!F13*3_Huff!F$139*1_Friction!F13,0) -> 2.233477e-06 | H13: =IF(Matrice_OD!G13<=Param!$B$2,3_Huff!G13*3_Huff!G$139*1_Friction!G13,0) -> 6.2431056e-06 | I13: =IF(Matrice_OD!H13<=Param!$B$2,3_Huff!H13*3_Huff!H$139*1_Friction!H13,0) -> 1.8439961e-06 | J13: =IF(Matrice_OD!I13<=Param!$B$2,3_Huff!I13*3_Huff!I$139*1_Friction!I13,0) -> 4.22274e-06 | K13: =IF(Matrice_OD!J13<=Param!$B$2,3_Huff!J13*3_Huff!J$139*1_Friction!J13,0) -> 3.1581396e-06 | ... AO13: =IF(Matrice_OD!AN13<=Param!$B$2,3_Huff!AN13*3_Huff!AN$139*1_Friction!AN13,0) -> 0 | AP13: =SUM(D13:AO13) -> 9.2106866e-05 | AQ13: =AP13*1000 -> 0.092106866 | AR13: =RANK(AP13,AP$2:AP$136,0) -> 73 | AS13: =COUNTIF(Matrice_OD!$C13:$AN13,"<="&Param!$B$2) -> 27
... A136: 05.311.07.13. | B136: Commune d'Oulad Aissa | C136: =Demande!C136 -> 4652 | D136: =IF(Matrice_OD!C136<=Param!$B$2,3_Huff!C136*3_Huff!C$139*1_Friction!C136,0) -> 0 | E136: =IF(Matrice_OD!D136<=Param!$B$2,3_Huff!D136*3_Huff!D$139*1_Friction!D136,0) -> 0 | F136: =IF(Matrice_OD!E136<=Param!$B$2,3_Huff!E136*3_Huff!E$139*1_Friction!E136,0) -> 0 | G136: =IF(Matrice_OD!F136<=Param!$B$2,3_Huff!F136*3_Huff!F$139*1_Friction!F136,0) -> 0 | H136: =IF(Matrice_OD!G136<=Param!$B$2,3_Huff!G136*3_Huff!G$139*1_Friction!G136,0) -> 0 | I136: =IF(Matrice_OD!H136<=Param!$B$2,3_Huff!H136*3_Huff!H$139*1_Friction!H136,0) -> 0 | J136: =IF(Matrice_OD!I136<=Param!$B$2,3_Huff!I136*3_Huff!I$139*1_Friction!I136,0) -> 0 | K136: =IF(Matrice_OD!J136<=Param!$B$2,3_Huff!J136*3_Huff!J$139*1_Friction!J136,0) -> 0 | ... AO136: =IF(Matrice_OD!AN136<=Param!$B$2,3_Huff!AN136*3_Huff!AN$139*1_Friction!AN136,0) -> 0 | AP136: =SUM(D136:AO136) -> 4.5136633e-05 | AQ136: =AP136*1000 -> 0.045136633 | AR136: =RANK(AP136,AP$2:AP$136,0) -> 95 | AS136: =COUNTIF(Matrice_OD!$C136:$AN136,"<="&Param!$B$2) -> 9
A137: FEUILLE 4_SPAI — Étape 3 : Indice d'accessibilité spatiale SPAIi = Σj [ Huffij × Rj × f(dij;β) ]
A138: SPAIi = Σj Huffij · Rj · f(dij;β) pour dij ≤ dmax → formule : =IF(Matrice_OD!{c}{r}<=Param!$B$2, '3_Huff'!{c}{r}*'3_Huff'!{c}${rj_r}*'1_Friction'!{c}{r}, 0)
A139: • SPAIi = Indice d'Accessibilité Spatiale de la commune i. Valeur sans unité : plus elle est haute, meilleur est l'accès.
A140: • Chaque cellule (i,j) = contribution de l'établissement j à l'accessibilité de i :
A141: → Huffij : fraction de demande orientée vers j (étape 1)
A142: → Rj : capacité effective disponible par unité de demande (étape 2)
A143: → f(dij;β) : pondération absolue de la distance réelle (innovation MH3SFCA vs méthodes antérieures)
A144: • La somme sur tous les j donne le SPAI total de la commune i (col AM).
A145: • Colonne AN = SPAI × 1000 : valeur multipliée pour faciliter la lecture cartographique.
A146: • Colonne AO = RANG : rang de la commune dans la région (1 = meilleure accessibilité).
A147: Formule RANK : =RANK(SPAI_i, SPAI_range, 0) — classement décroissant.
A149: RÉFÉRENCE : Subal et al. (2021, p. 7) ; Jörg et al. (2019, pp. 31-32).
... A151: ⚠ Pour publier : toujours reporter SPAI×1000 sur les cartes choroplèthes (valeurs plus lisibles).
